Car_ID,Brand,Model_Year,Kilometers_Driven,Fuel_Type,Transmission,Owner_Type,Engine_CC,Max_Power_bhp,Mileage_kmpl,Seats,Price_USD
1,Audi,2005,197018,Diesel,Manual,First,4046,223.6,29.61,6,119611.94
2,BMW,2019,43467,Hybrid,Automatic,First,3731,248.4,21.66,5,90842.46
3,Kia,2012,153697,Hybrid,Automatic,Third,4925,465.5,12.14,6,78432.24
4,Mercedes,2015,38893,Petrol,Automatic,Second,3771,229.7,19.65,6,44568.89
5,Audi,2016,81329,Hybrid,Automatic,First,2817,573.2,7.74,5,8751.82
6,Volkswagen,2016,36007,Petrol,Automatic,Third,3215,453.2,29.15,7,6633.65
7,Ford,2008,175604,Electric,Manual,First,3896,374.6,9.37,6,67839.21
8,Audi,2020,59253,Electric,Manual,First,2409,533.3,21.2,6,92157.83
9,Kia,2008,17323,Hybrid,Manual,Second,1517,67.8,11.14,6,65873.37
10,Mercedes,2009,116335,Hybrid,Manual,First,4361,184.0,22.94,6,101371.85
11,BMW,2009,117356,Diesel,Automatic,Third,1816,300.4,24.42,5,6910.9
12,Kia,2012,115944,Hybrid,Automatic,Third,4365,167.1,21.84,7,45909.99
13,Kia,2014,150282,Diesel,Automatic,Second,2760,456.6,20.36,7,30737.24
14,Ford,2021,21456,Electric,Manual,First,1848,554.8,27.31,2,55330.94
15,Hyundai,2013,36367,Electric,Automatic,Third,2157,277.3,6.97,6,11468.04
16,Mercedes,2023,59624,Petrol,Manual,First,4226,231.6,13.27,6,114633.4
17,Honda,2018,146178,Electric,Automatic,First,915,578.5,11.21,2,29120.88
18,Kia,2012,73008,Diesel,Automatic,First,2895,289.1,29.7,7,110910.01
19,Hyundai,2013,130926,Hybrid,Manual,Second,2601,313.9,14.73,4,52829.5
20,Honda,2015,120395,Petrol,Manual,First,2946,236.9,23.32,4,118306.32
21,Mercedes,2005,121492,Diesel,Automatic,Third,2420,549.3,22.12,7,67824.83
22,Toyota,2018,77240,Hybrid,Automatic,First,3750,358.6,10.3,6,111907.45
23,Volkswagen,2009,69315,Petrol,Manual,Third,4592,466.8,10.97,4,3625.83
24,Hyundai,2018,15756,Electric,Automatic,First,3741,494.6,12.03,5,90543.94
25,Nissan,2008,41378,Diesel,Automatic,Third,1777,231.4,15.28,5,108656.93
26,Toyota,2005,140327,Hybrid,Manual,Third,3866,282.9,10.86,2,19347.31
27,Volkswagen,2023,150556,Petrol,Automatic,First,1583,515.1,5.49,7,14246.72
28,Ford,2012,130703,Petrol,Manual,First,1040,243.4,26.98,7,52675.0
29,Audi,2019,61549,Electric,Automatic,Third,2353,484.6,29.14,4,112240.43
30,BMW,2019,170575,Hybrid,Manual,Second,1812,567.0,13.54,6,66459.23
31,Nissan,2013,78794,Electric,Automatic,First,986,389.0,13.46,7,64712.41
32,Ford,2013,50113,Electric,Manual,Second,2681,455.3,5.18,4,19511.76
33,Mercedes,2014,79069,Hybrid,Automatic,First,1230,490.9,22.01,4,3092.37
34,Ford,2024,141321,Hybrid,Manual,First,1038,513.2,25.64,7,97786.39
35,Audi,2013,155273,Hybrid,Automatic,First,3145,261.2,8.67,4,13246.22
36,Mercedes,2007,130541,Diesel,Automatic,First,875,68.7,8.99,2,77160.43
37,Nissan,2024,194648,Hybrid,Automatic,Second,2156,265.1,24.75,2,110010.13
38,Audi,2015,14686,Petrol,Automatic,First,3130,417.3,20.41,7,27412.27
39,Honda,2010,58363,Electric,Automatic,Third,2702,292.2,6.12,6,80836.92
40,BMW,2006,102543,Diesel,Automatic,Third,4813,459.4,20.56,2,12207.73
41,Nissan,2011,136733,Hybrid,Automatic,Second,2859,239.9,12.72,2,73639.35
42,Honda,2022,180915,Diesel,Automatic,First,940,395.5,14.22,7,22180.01
43,Volkswagen,2006,100673,Hybrid,Automatic,Third,2589,144.4,24.24,5,89106.57
44,Nissan,2021,197035,Diesel,Manual,Second,4426,459.6,25.27,4,38244.06
45,Volkswagen,2015,47828,Electric,Manual,First,816,345.6,15.01,2,57216.75
46,Mercedes,2016,53604,Electric,Automatic,Third,1264,154.3,28.68,5,73133.37
47,Honda,2023,15526,Petrol,Manual,Third,2627,203.5,15.16,6,23038.99
48,BMW,2011,73910,Petrol,Automatic,Second,3828,459.2,24.3,5,89771.62
49,Audi,2024,30592,Hybrid,Automatic,First,1319,310.3,17.1,7,38408.92
50,Kia,2010,33982,Electric,Manual,First,889,161.0,27.44,6,80497.51
51,Ford,2005,5207,Diesel,Automatic,Third,3651,581.7,27.69,6,21519.12
52,Toyota,2021,93733,Diesel,Automatic,Third,3643,440.5,7.19,5,83509.77
53,BMW,2015,129982,Diesel,Manual,Third,2684,576.0,28.41,7,17998.0
54,Honda,2022,73619,Petrol,Manual,First,4971,279.2,25.64,2,52766.71
55,Kia,2021,165400,Diesel,Automatic,Second,1725,306.1,24.78,5,31923.11
56,BMW,2011,51479,Petrol,Manual,Second,4534,542.9,10.02,2,90559.9
57,Honda,2021,156175,Petrol,Manual,First,1769,334.0,25.13,5,33658.1
58,Hyundai,2024,175963,Hybrid,Automatic,Second,1894,436.1,26.25,2,106160.92
59,Hyundai,2013,146826,Diesel,Manual,Third,3995,181.2,12.23,5,107342.96
60,Volkswagen,2021,86437,Diesel,Manual,Second,2204,290.2,28.81,6,25983.63
61,BMW,2024,103540,Electric,Automatic,Second,4164,109.1,6.25,4,74819.98
62,Hyundai,2012,77982,Hybrid,Manual,Second,4782,155.3,8.75,6,13262.96
63,Honda,2021,107747,Electric,Manual,Third,4813,40.5,18.44,2,48809.84
64,Volkswagen,2011,191994,Hybrid,Automatic,First,3892,62.0,19.39,7,86458.64
65,Honda,2005,53231,Diesel,Automatic,Third,4959,587.3,21.13,6,80152.52
66,Volkswagen,2017,34301,Petrol,Automatic,First,2874,175.7,5.42,4,76089.98
67,BMW,2023,198783,Petrol,Manual,First,1084,411.5,29.01,2,36057.28
68,Kia,2023,177395,Petrol,Automatic,First,1987,509.9,6.11,6,47228.92
69,Audi,2021,23752,Petrol,Automatic,Second,4769,348.4,8.58,5,15044.7
70,Nissan,2017,103452,Petrol,Manual,Second,3765,125.8,5.35,7,87125.67
71,Kia,2020,149467,Electric,Automatic,First,1583,447.7,19.17,2,61954.99
72,Mercedes,2012,126237,Hybrid,Automatic,First,1749,376.1,28.31,6,85925.58
73,Honda,2023,61273,Diesel,Automatic,Second,4739,449.5,21.65,2,32126.39
74,Mercedes,2022,96878,Electric,Automatic,Third,844,471.1,25.57,5,40959.27
75,Kia,2005,9895,Hybrid,Manual,First,2610,586.2,5.33,4,42103.19
76,Volkswagen,2018,124968,Petrol,Automatic,Third,2881,361.2,18.55,6,6011.86
77,Nissan,2023,120700,Hybrid,Automatic,Second,4298,231.3,16.49,2,42902.6
78,Nissan,2019,81559,Hybrid,Manual,First,1629,403.1,17.47,2,96986.64
79,Toyota,2022,15699,Petrol,Automatic,Third,2709,78.3,6.81,2,107983.92
80,Nissan,2006,14715,Petrol,Manual,Third,3381,542.5,22.11,4,63631.54
81,Audi,2021,24169,Petrol,Manual,Third,1491,106.9,17.58,2,56293.7
82,Nissan,2022,123413,Diesel,Manual,Second,4819,223.6,24.13,7,6606.48
83,Kia,2010,152235,Petrol,Automatic,Second,1731,496.8,17.13,7,105866.91
84,Toyota,2023,124264,Diesel,Manual,Third,4206,374.5,8.73,2,4522.19
85,Kia,2008,10782,Petrol,Manual,Third,947,260.4,21.21,7,113535.76
86,Kia,2005,129481,Diesel,Manual,Second,1832,305.1,9.31,6,60238.3
87,Ford,2012,40585,Hybrid,Automatic,Third,2111,518.5,26.81,7,43006.34
88,Toyota,2011,35682,Electric,Automatic,Third,1187,230.4,20.33,2,111133.56
89,Kia,2007,183936,Hybrid,Automatic,Second,3921,527.0,8.93,5,5853.75
90,Ford,2014,134992,Hybrid,Automatic,Third,2673,89.4,29.06,6,71026.71
91,Ford,2014,89416,Petrol,Automatic,Third,4388,475.0,17.96,4,67225.11
92,Toyota,2023,191186,Diesel,Automatic,Third,1715,514.6,6.82,2,28660.49
93,Mercedes,2018,132810,Electric,Automatic,Second,2678,141.8,20.67,4,53179.83
94,Volkswagen,2006,43067,Petrol,Manual,Third,4548,281.0,11.33,5,79314.89
95,Audi,2005,178757,Petrol,Manual,Second,1077,132.7,25.09,4,88074.35
96,Volkswagen,2022,23073,Petrol,Manual,Second,2777,435.7,25.45,2,3083.87
97,Nissan,2011,41035,Hybrid,Manual,First,2659,339.8,29.47,2,112611.85
98,Audi,2012,95373,Diesel,Automatic,First,3836,395.8,17.55,5,22249.47
99,Nissan,2005,88362,Diesel,Manual,Third,4171,150.0,16.37,2,30328.91
100,Kia,2007,95517,Electric,Manual,Second,2982,158.6,23.84,5,33826.39
101,Honda,2012,70450,Diesel,Manual,First,1970,63.2,8.31,5,7424.96
102,Toyota,2019,15382,Diesel,Manual,Third,1289,220.4,18.67,2,17397.1
103,Audi,2009,140509,Petrol,Automatic,First,3325,353.5,18.66,7,118402.94
104,Audi,2007,66929,Petrol,Automatic,First,1982,520.4,7.24,5,39880.36
105,Kia,2023,103864,Hybrid,Automatic,Second,3288,413.5,15.45,2,16490.23
106,Mercedes,2005,148401,Petrol,Manual,Second,2676,283.8,26.33,7,15517.98
107,Ford,2019,30169,Petrol,Automatic,First,3262,573.7,26.4,5,87176.82
108,Kia,2012,92468,Petrol,Manual,First,2430,442.8,7.48,7,102984.53
109,Hyundai,2006,39594,Petrol,Automatic,Second,1087,560.9,7.27,6,33063.42
110,Ford,2007,196703,Hybrid,Automatic,Third,2707,335.4,11.57,6,5446.41
111,Toyota,2018,50033,Petrol,Automatic,Second,1961,185.0,26.87,7,29101.53
112,Ford,2018,68133,Electric,Automatic,First,929,69.6,8.22,5,9612.34
113,Mercedes,2015,78861,Electric,Automatic,Third,3163,446.6,23.0,2,15097.21
114,Ford,2020,188362,Electric,Manual,First,943,107.9,7.53,4,53486.45
115,Toyota,2008,36750,Electric,Automatic,Third,815,209.6,20.58,2,29900.45
116,Mercedes,2024,45461,Petrol,Manual,First,1044,338.2,13.9,4,63365.67
117,Volkswagen,2009,83222,Electric,Manual,Third,1726,356.1,24.72,4,32658.77
118,Audi,2018,117020,Petrol,Manual,Third,3978,376.3,10.84,5,113042.86
119,Audi,2020,29226,Hybrid,Manual,First,2976,133.1,20.98,7,108995.44
120,Nissan,2022,11721,Electric,Manual,Third,1686,252.7,10.89,2,69316.31
121,Volkswagen,2011,192226,Diesel,Automatic,Second,1140,385.6,22.84,7,44467.61
122,Volkswagen,2014,25609,Electric,Automatic,First,2851,583.1,26.84,6,47594.19
123,Ford,2011,188202,Electric,Automatic,Second,4198,447.5,8.17,5,51186.72
124,Audi,2005,135513,Petrol,Automatic,First,4750,556.7,26.66,5,88126.78
125,Toyota,2023,109211,Electric,Manual,Third,1105,466.8,19.84,6,55841.76
126,BMW,2020,191321,Diesel,Automatic,Third,1707,371.4,8.18,2,103237.4
127,BMW,2023,184967,Petrol,Automatic,Third,3454,147.5,15.69,6,113459.09
128,Mercedes,2008,141728,Petrol,Manual,First,4592,413.3,9.02,2,42305.7
129,Audi,2022,129865,Hybrid,Manual,Second,4842,389.1,22.51,4,68601.25
130,Audi,2006,79520,Hybrid,Automatic,Second,2171,377.4,23.97,5,14121.61
131,BMW,2005,199812,Electric,Automatic,First,1120,314.3,7.64,2,26454.88
132,Audi,2019,69309,Hybrid,Manual,First,4859,336.0,17.65,7,51375.49
133,Ford,2009,34984,Hybrid,Automatic,Second,1931,227.3,25.37,7,27125.72
134,Hyundai,2024,123947,Hybrid,Automatic,Second,3378,330.8,28.4,5,105557.58
135,Honda,2015,10901,Petrol,Automatic,Second,4842,150.6,17.84,6,21519.49
136,Volkswagen,2014,167624,Petrol,Automatic,Second,4167,490.9,28.76,6,56312.32
137,Nissan,2006,36055,Petrol,Manual,First,1617,144.0,18.39,2,73866.81
138,Mercedes,2007,173757,Hybrid,Manual,First,811,87.6,14.85,6,83948.08
139,Hyundai,2016,150788,Petrol,Manual,Third,994,284.3,26.21,5,47819.12
140,BMW,2024,119099,Hybrid,Automatic,Second,3337,408.7,17.32,2,104684.59
141,Volkswagen,2009,16138,Petrol,Automatic,Third,3642,285.1,16.8,4,69493.34
142,Audi,2009,171370,Petrol,Automatic,First,3029,195.0,17.26,6,54422.41
143,Nissan,2010,187184,Diesel,Automatic,First,3809,352.6,26.17,6,10867.15
144,Audi,2013,28429,Electric,Automatic,Third,2877,234.3,25.8,2,57368.67
145,Toyota,2006,55200,Hybrid,Manual,Second,4667,562.4,15.09,7,99026.09
146,Toyota,2016,184316,Diesel,Automatic,Second,1243,556.7,13.33,6,74901.3
147,Nissan,2007,106268,Petrol,Automatic,Second,1097,321.3,17.3,5,100363.01
148,Nissan,2024,22347,Hybrid,Manual,Second,1644,223.6,19.32,6,60799.37
149,BMW,2016,152992,Petrol,Automatic,Third,1815,452.8,10.96,4,16860.02
150,Nissan,2021,36822,Electric,Manual,Third,2184,60.6,24.85,6,4595.86
151,Ford,2014,182731,Diesel,Manual,First,2197,305.9,17.16,7,38476.69
152,Audi,2018,45108,Electric,Manual,Second,1353,228.3,13.35,6,84664.89
153,Hyundai,2021,133955,Diesel,Manual,Second,3150,555.5,7.67,2,95460.41
154,Kia,2022,12967,Petrol,Manual,Second,2069,46.7,10.97,6,37603.08
155,Nissan,2023,115719,Electric,Automatic,Third,2060,349.6,28.73,7,60991.51
156,Mercedes,2021,16871,Electric,Manual,Second,984,454.8,12.63,2,52270.91
157,Toyota,2018,169685,Petrol,Manual,Third,3210,311.6,9.22,5,51031.17
158,Ford,2013,33179,Electric,Automatic,Second,3009,87.8,16.52,2,30067.8
159,Volkswagen,2012,188260,Hybrid,Automatic,Second,4472,584.6,12.68,4,18955.42
160,Kia,2006,60099,Diesel,Manual,First,2681,330.1,5.88,2,26012.56
161,Hyundai,2017,40262,Diesel,Automatic,Second,1321,383.9,13.08,5,9473.89
162,Kia,2011,83213,Diesel,Automatic,Second,2687,172.5,18.6,6,26181.3
163,Nissan,2013,122407,Hybrid,Manual,First,3352,310.8,18.79,2,4076.51
164,BMW,2015,154340,Diesel,Manual,Third,4609,280.3,13.91,2,76389.23
165,Toyota,2018,91269,Petrol,Automatic,Third,4955,81.9,16.18,2,40015.92
166,Toyota,2008,65545,Electric,Manual,Second,4279,99.4,29.14,2,116857.93
167,Volkswagen,2017,44922,Hybrid,Manual,Third,2209,509.0,14.43,5,25664.89
168,BMW,2006,47913,Diesel,Automatic,Second,2494,174.3,11.46,7,43461.94
169,Audi,2009,102033,Petrol,Manual,First,1326,149.2,11.09,7,44867.42
170,Honda,2015,109792,Electric,Manual,First,3460,322.8,16.44,2,3988.83
171,Ford,2010,191749,Electric,Manual,Second,2972,470.5,23.99,5,101187.33
172,Toyota,2022,185913,Hybrid,Manual,First,1079,74.7,10.15,5,6743.35
173,Mercedes,2014,182404,Hybrid,Manual,First,3764,363.0,22.73,2,113001.04
174,Toyota,2008,124863,Hybrid,Automatic,Second,4777,106.8,5.53,4,107372.7
175,Kia,2013,161104,Petrol,Automatic,Second,3469,60.4,15.47,2,65656.06
176,Toyota,2010,173918,Petrol,Manual,First,3693,69.5,24.4,4,66600.68
177,Toyota,2006,195546,Hybrid,Automatic,Third,2551,507.1,13.47,2,79492.02
178,Honda,2021,49936,Diesel,Manual,Third,4781,106.1,19.09,4,48284.85
179,Honda,2009,165866,Electric,Manual,Second,3161,65.3,10.12,4,78725.01
180,Hyundai,2010,197660,Electric,Manual,Second,4931,285.2,23.55,2,8237.9
181,Audi,2016,186403,Petrol,Manual,Third,2508,512.6,6.31,4,9323.57
182,Mercedes,2014,33141,Electric,Manual,First,3486,186.9,26.31,6,56495.96
183,Toyota,2010,145146,Diesel,Automatic,Third,3695,276.2,9.95,7,67305.81
184,Toyota,2012,142478,Electric,Automatic,Third,3576,62.4,26.86,5,106874.66
185,Ford,2006,102359,Petrol,Manual,Third,1919,291.5,13.81,4,15245.29
186,Honda,2016,128279,Petrol,Automatic,Third,3788,363.5,23.07,4,99249.81
187,Mercedes,2017,159363,Diesel,Manual,Second,994,359.7,12.98,5,27575.54
188,Volkswagen,2011,46568,Diesel,Automatic,Second,1462,226.2,27.65,4,49107.79
189,Hyundai,2014,102539,Electric,Manual,First,1279,216.7,8.17,5,40042.48
190,Audi,2017,51851,Electric,Automatic,First,2223,99.7,9.46,2,49818.17
191,BMW,2021,59823,Petrol,Manual,First,3508,245.4,17.33,6,20607.97
192,Audi,2018,28312,Diesel,Manual,First,3975,95.7,7.05,6,61917.7
193,Kia,2006,179180,Diesel,Automatic,Third,4614,469.3,9.9,7,96792.18
194,Toyota,2015,170243,Diesel,Automatic,Second,2814,581.1,28.59,4,54659.48
195,Hyundai,2005,177851,Electric,Manual,Second,4589,583.2,29.41,7,60401.79
196,Kia,2023,103723,Diesel,Automatic,First,3243,524.4,14.41,2,102305.81
197,Mercedes,2008,17411,Petrol,Manual,First,1711,376.4,28.08,6,85608.8
198,BMW,2023,62009,Petrol,Automatic,Third,4013,432.5,18.62,2,60383.17
199,Honda,2015,151494,Electric,Automatic,Third,3164,199.7,11.74,2,33150.39
200,Hyundai,2012,178540,Hybrid,Manual,First,4429,393.2,22.56,4,106536.43
201,Hyundai,2015,37371,Electric,Automatic,Second,4272,295.2,21.47,2,70511.39
202,Toyota,2008,62022,Hybrid,Automatic,Second,1480,309.9,29.73,6,28874.27
203,Nissan,2021,76229,Diesel,Manual,Second,1409,464.4,11.63,7,34487.01
204,Hyundai,2011,104071,Electric,Automatic,First,2956,197.9,21.8,6,96966.57
205,Ford,2012,187268,Petrol,Manual,Second,4666,218.1,6.3,4,8165.03
206,BMW,2007,101774,Diesel,Manual,Third,1171,557.8,7.84,6,119074.79
207,BMW,2006,31715,Petrol,Manual,Third,1415,71.5,5.1,5,18251.15
208,Ford,2019,32605,Diesel,Manual,First,3053,312.0,29.99,7,96140.02
209,Volkswagen,2009,104853,Electric,Manual,Third,4938,551.2,25.06,5,49188.71
210,Ford,2005,36174,Hybrid,Automatic,First,1664,381.8,24.67,5,60589.29
211,Ford,2008,146028,Diesel,Manual,Second,2068,346.0,17.74,4,106036.12
212,BMW,2019,81373,Hybrid,Manual,Second,1584,179.9,12.5,2,51310.61
213,Audi,2024,74252,Diesel,Automatic,Second,4978,232.2,8.78,5,65886.77
214,BMW,2023,198021,Petrol,Automatic,Third,3037,517.1,12.12,6,8768.06
215,Nissan,2007,198718,Petrol,Automatic,First,4854,353.2,14.4,2,3274.65
216,Toyota,2024,75017,Diesel,Manual,Second,1735,328.3,23.91,6,31641.59
217,Kia,2015,68037,Hybrid,Manual,First,4780,95.8,18.49,6,82628.22
218,Audi,2021,94818,Electric,Manual,Second,3138,49.0,6.94,2,17187.99
219,Honda,2017,11548,Electric,Automatic,Third,1125,579.7,5.45,2,16310.15
220,Kia,2015,121981,Petrol,Manual,Third,2334,251.1,7.56,6,51082.39
221,Toyota,2006,159249,Electric,Automatic,First,4280,377.8,15.26,4,78796.93
222,Nissan,2013,29022,Petrol,Manual,Third,4661,84.6,28.33,7,86312.42
223,Nissan,2006,111297,Electric,Automatic,Third,2785,422.5,20.94,7,23878.73
224,Honda,2013,141614,Diesel,Manual,First,3578,562.2,25.05,4,12311.81
225,Audi,2013,65428,Petrol,Manual,Second,2070,362.4,16.66,2,113026.45
226,Volkswagen,2012,158812,Petrol,Manual,Third,1440,110.6,14.04,6,33497.97
227,Ford,2021,64353,Diesel,Automatic,First,4878,365.8,7.71,7,102841.54
228,Audi,2005,118132,Petrol,Automatic,Third,2167,469.2,26.9,6,104028.5
229,Volkswagen,2015,192604,Electric,Manual,Third,4842,267.6,24.58,4,93385.14
230,Nissan,2012,21052,Electric,Manual,Third,3375,532.7,9.2,6,22753.53
231,BMW,2014,105689,Petrol,Manual,Third,4403,403.3,17.81,4,99150.77
232,Toyota,2011,183148,Electric,Automatic,First,2381,543.6,17.18,2,93002.32
233,Honda,2007,189492,Hybrid,Manual,First,2786,389.2,20.63,4,72816.59
234,Toyota,2007,136743,Petrol,Manual,First,3040,113.5,28.65,4,42452.64
235,Mercedes,2022,5163,Diesel,Manual,Third,4766,213.4,19.49,7,33713.51
236,Mercedes,2009,46424,Hybrid,Manual,Third,2905,153.0,18.51,6,17261.04
237,Audi,2016,189816,Petrol,Automatic,Third,928,548.9,6.26,7,62641.58
238,Nissan,2016,146706,Diesel,Automatic,First,4796,465.8,6.57,5,71475.52
239,Nissan,2023,140870,Electric,Manual,Third,1651,418.8,9.68,4,45042.66
240,Ford,2010,27420,Diesel,Manual,Second,4903,208.5,5.81,5,58617.01
241,Ford,2006,125575,Hybrid,Automatic,Third,2876,143.1,23.58,7,45531.19
242,Ford,2016,34300,Electric,Automatic,Second,3794,463.6,23.08,6,77997.71
243,BMW,2023,94881,Petrol,Manual,Third,4544,305.5,8.4,7,108447.33
244,Kia,2009,15749,Electric,Automatic,First,3556,166.4,25.9,6,22178.67
245,Hyundai,2016,109131,Petrol,Automatic,Third,2444,385.3,8.87,6,47624.83
246,Kia,2021,161193,Petrol,Manual,Second,3944,62.6,12.53,2,19481.63
247,Toyota,2021,133563,Diesel,Automatic,Second,1042,222.7,11.22,4,76118.42
248,Kia,2014,42487,Diesel,Automatic,Third,4885,302.4,14.31,7,88277.85
249,BMW,2021,169433,Diesel,Manual,Second,970,122.9,11.37,6,112033.79
250,Toyota,2019,26223,Hybrid,Manual,Second,1452,591.4,17.22,7,35628.02
251,Kia,2016,77930,Hybrid,Automatic,First,4312,157.1,15.19,7,114174.71
252,BMW,2020,150128,Diesel,Manual,Third,2299,113.0,29.66,6,10401.73
253,Hyundai,2023,33380,Hybrid,Automatic,Third,2899,154.0,6.4,5,73552.62
254,Kia,2012,31035,Electric,Manual,Third,2958,470.7,8.55,4,9684.53
255,BMW,2021,35620,Electric,Automatic,Second,2772,278.3,6.32,4,107571.58
256,Ford,2009,155949,Hybrid,Manual,Third,4725,356.6,20.65,2,64987.66
257,Nissan,2020,191388,Hybrid,Automatic,Third,3058,51.8,6.36,2,81313.76
258,Ford,2010,122360,Electric,Automatic,First,4839,59.3,25.91,2,100294.15
259,Nissan,2012,58352,Petrol,Automatic,First,2835,289.7,17.8,4,20586.34
260,Honda,2022,166983,Electric,Manual,First,4071,497.3,18.18,5,7515.21
261,Honda,2016,168856,Electric,Manual,Second,1657,535.7,19.04,4,105829.09
262,Honda,2019,8191,Hybrid,Automatic,Third,4623,88.6,9.27,4,39847.19
263,Hyundai,2013,169232,Electric,Automatic,First,1849,341.5,9.94,4,18090.53
264,Ford,2017,95536,Hybrid,Manual,First,4790,551.4,12.97,4,57809.96
265,Nissan,2019,109576,Hybrid,Manual,First,1098,257.3,19.84,5,73001.81
266,BMW,2014,185795,Diesel,Manual,Third,1723,504.6,10.25,2,6623.56
267,Toyota,2020,8631,Electric,Manual,Third,3599,114.9,7.91,7,35162.79
268,BMW,2011,142244,Petrol,Manual,Third,4862,563.8,29.25,2,6837.59
269,Toyota,2021,47080,Diesel,Manual,Second,4845,460.8,5.55,2,52179.24
270,Mercedes,2011,95353,Hybrid,Automatic,Second,2602,567.1,25.07,7,107726.7
271,BMW,2018,156353,Hybrid,Manual,First,3513,418.9,24.7,4,117970.33
272,Kia,2019,33671,Petrol,Automatic,Third,3653,243.5,12.43,5,77534.56
273,Kia,2011,127811,Hybrid,Manual,First,3457,565.4,8.39,5,21911.61
274,Audi,2013,187503,Electric,Manual,Third,4146,194.3,8.64,2,108984.38
275,Ford,2023,132734,Diesel,Automatic,Third,2271,226.0,22.44,7,63401.0
276,Toyota,2020,164674,Hybrid,Automatic,Third,3749,432.5,21.07,6,20988.67
277,Toyota,2012,56399,Hybrid,Manual,Second,1741,468.6,24.57,4,110842.02
278,Ford,2022,159544,Petrol,Automatic,Second,2707,560.5,28.44,2,91623.88
279,Hyundai,2022,185302,Electric,Automatic,Third,2043,154.7,22.3,5,88609.52
280,Audi,2024,12099,Hybrid,Automatic,First,2266,486.9,8.9,7,85974.14
281,Hyundai,2011,161503,Petrol,Automatic,Third,4757,453.6,11.09,7,26439.76
282,Hyundai,2007,61492,Hybrid,Manual,Third,2766,75.7,26.05,2,27687.78
283,Hyundai,2022,101722,Petrol,Automatic,First,1175,256.8,10.23,6,83530.28
284,Ford,2014,183756,Petrol,Manual,Third,1062,198.3,6.81,5,28707.56
285,Hyundai,2011,35111,Electric,Manual,First,4188,210.5,22.58,2,54324.59
286,Kia,2021,68936,Hybrid,Manual,Second,4195,590.5,15.06,6,94494.21
287,Honda,2018,158686,Electric,Manual,Second,2744,400.0,28.0,7,94722.44
288,Mercedes,2007,178063,Petrol,Automatic,First,2693,441.9,21.26,4,56031.63
289,Toyota,2016,65920,Diesel,Automatic,Second,4434,586.9,7.26,5,95686.22
290,Toyota,2017,68530,Hybrid,Manual,Second,2452,251.2,28.7,5,101118.75
291,Mercedes,2006,172296,Diesel,Manual,First,4941,489.0,11.46,6,79608.76
292,Ford,2007,12788,Hybrid,Manual,Second,4692,283.3,13.43,2,29725.82
293,BMW,2009,33082,Electric,Manual,Third,1399,526.9,15.06,7,35059.38
294,Ford,2015,128287,Electric,Automatic,Third,2712,141.2,6.28,6,39836.42
295,Toyota,2012,94570,Electric,Manual,First,2092,570.7,17.41,4,16666.08
296,Toyota,2016,106015,Electric,Automatic,Second,1400,162.5,8.08,4,34959.68
297,Mercedes,2011,88588,Electric,Manual,Third,1180,222.7,15.02,4,27513.75
298,Hyundai,2019,152603,Diesel,Manual,Third,4437,463.5,13.77,6,56273.46
299,Ford,2021,93340,Electric,Manual,Second,2963,260.5,24.32,7,109287.19
300,Nissan,2008,99439,Petrol,Manual,Second,1898,380.6,25.08,5,15224.2
301,Mercedes,2017,180929,Petrol,Automatic,Third,1165,289.0,8.84,2,87271.35
302,Kia,2022,146214,Diesel,Automatic,Third,3370,455.7,14.16,5,83412.11
303,Toyota,2005,120053,Hybrid,Automatic,First,4219,167.9,14.33,7,14203.24
304,Mercedes,2020,53355,Petrol,Manual,First,3276,72.7,8.79,5,110940.97
305,Ford,2017,145938,Hybrid,Manual,Third,1590,208.0,24.96,6,69511.25
306,Toyota,2014,130426,Diesel,Automatic,First,4369,305.6,22.68,4,45555.89
307,BMW,2016,69027,Hybrid,Automatic,Third,1546,134.1,9.76,7,91515.01
308,Mercedes,2006,193978,Hybrid,Manual,Third,1112,238.7,14.17,7,33111.76
309,Audi,2007,164210,Hybrid,Manual,First,1720,264.0,7.65,5,84140.65
310,Toyota,2014,97601,Hybrid,Automatic,First,1877,72.1,20.71,6,7646.21
311,Ford,2006,34956,Diesel,Manual,Second,3629,366.7,8.03,5,101210.74
312,Honda,2017,109797,Petrol,Manual,Second,3181,535.2,29.65,5,55435.99
313,Nissan,2017,129917,Electric,Automatic,Second,4418,125.0,24.52,7,77493.07
314,Volkswagen,2022,131303,Hybrid,Manual,Third,1597,374.8,14.76,5,28884.82
315,Hyundai,2007,141511,Petrol,Automatic,First,1072,412.3,19.46,4,82217.62
316,Volkswagen,2011,183313,Petrol,Manual,Third,3810,274.8,27.78,5,93352.11
317,Ford,2018,47533,Diesel,Automatic,First,2573,432.6,18.85,4,58365.94
318,Kia,2024,164342,Petrol,Manual,Third,3347,270.0,9.36,7,75274.05
319,Kia,2021,83815,Diesel,Automatic,Second,3964,322.6,14.47,6,56390.13
320,Honda,2016,44279,Hybrid,Automatic,Second,1746,44.1,26.08,4,107608.69
321,Hyundai,2020,114787,Hybrid,Automatic,Second,3465,427.4,21.11,6,61250.69
322,Audi,2016,159960,Electric,Automatic,Third,1306,410.4,21.27,6,101491.62
323,Honda,2019,153702,Electric,Manual,First,1043,61.5,26.67,4,96758.19
324,Volkswagen,2014,66063,Electric,Manual,First,1305,246.2,27.35,7,51029.06
325,Honda,2011,132896,Petrol,Automatic,Second,3958,588.3,27.99,2,29919.89
326,Volkswagen,2024,171216,Hybrid,Manual,Second,4390,275.6,7.37,6,50511.61
327,Toyota,2009,188233,Diesel,Manual,Second,2672,321.1,18.6,6,99667.43
328,Kia,2005,187051,Electric,Manual,Second,4593,549.6,23.51,7,29633.01
329,Toyota,2021,102661,Diesel,Manual,First,1992,441.7,23.92,7,64359.05
330,Nissan,2007,143051,Diesel,Manual,Third,2264,366.0,20.17,5,97313.32
331,Hyundai,2017,162261,Electric,Automatic,Third,1190,486.8,9.17,7,44356.86
332,Audi,2018,178672,Hybrid,Automatic,Third,4177,524.0,24.94,6,78138.53
333,Volkswagen,2022,195632,Electric,Automatic,Third,1472,295.9,23.0,4,31738.89
334,Audi,2008,128257,Diesel,Automatic,Second,3360,306.1,7.15,2,15785.7
335,Volkswagen,2022,197630,Electric,Manual,Second,2011,256.2,16.6,5,95942.95
336,Ford,2009,91205,Diesel,Manual,Second,1729,581.4,9.35,4,14579.33
337,Honda,2020,11910,Diesel,Automatic,Third,2339,430.4,13.44,2,34751.62
338,Nissan,2005,193785,Electric,Manual,Second,1712,86.6,5.45,2,103047.8
339,Kia,2018,51857,Petrol,Manual,Second,1443,523.3,15.01,2,43536.91
340,Volkswagen,2019,39964,Electric,Automatic,First,1301,309.1,18.75,4,116846.31
341,Audi,2013,161299,Petrol,Manual,First,1529,78.5,20.49,5,117628.92
342,Nissan,2019,142050,Diesel,Automatic,Second,2083,347.8,21.59,5,34388.29
343,BMW,2021,22153,Diesel,Automatic,First,2918,273.6,25.91,2,7794.45
344,BMW,2008,64765,Petrol,Manual,First,4636,531.5,10.39,4,85492.4
345,Toyota,2016,113212,Diesel,Manual,Second,1719,154.2,8.01,2,55765.42
346,Kia,2009,44071,Petrol,Automatic,Second,4850,502.8,26.29,7,14788.08
347,Ford,2009,117990,Petrol,Automatic,Second,3139,352.3,8.92,5,85780.17
348,Audi,2015,74519,Diesel,Manual,Second,1555,70.6,29.37,6,6647.46
349,Honda,2010,14503,Hybrid,Automatic,Third,2669,584.2,26.06,2,104813.01
350,Honda,2011,196775,Petrol,Automatic,Third,1307,327.1,17.52,7,19222.35
351,Audi,2018,100457,Electric,Automatic,Second,2236,202.9,29.54,5,17895.49
352,Hyundai,2015,193938,Electric,Manual,First,3375,302.9,7.43,4,23553.66
353,Ford,2017,152977,Diesel,Automatic,Second,4226,520.4,12.58,5,115351.16
354,Nissan,2006,50838,Hybrid,Manual,Second,1358,210.7,20.96,4,84100.82
355,Volkswagen,2011,130200,Diesel,Automatic,First,3902,147.9,13.75,4,96760.47
356,Hyundai,2024,194351,Hybrid,Manual,Third,4422,112.3,28.21,2,49523.29
357,Volkswagen,2008,94489,Petrol,Automatic,Second,4857,206.8,6.64,2,42348.59
358,Volkswagen,2012,31806,Petrol,Manual,Second,4515,476.8,18.74,5,30434.63
359,Hyundai,2024,181072,Petrol,Manual,Third,2101,304.1,19.77,7,59235.82
360,Toyota,2023,158240,Petrol,Manual,Third,2955,167.4,21.32,5,67563.96
361,BMW,2017,75119,Electric,Automatic,First,1492,133.1,11.39,6,76917.66
362,Volkswagen,2018,43714,Electric,Automatic,Third,2278,226.3,14.11,4,33082.86
363,Hyundai,2014,190165,Diesel,Automatic,Third,1056,566.4,26.09,4,113992.53
364,Hyundai,2015,60419,Hybrid,Manual,Third,3230,232.1,9.87,2,22861.74
365,Mercedes,2006,185217,Petrol,Automatic,First,1241,593.3,25.67,7,115981.42
366,Toyota,2013,110432,Petrol,Manual,Third,2681,311.7,19.07,2,4738.17
367,Kia,2021,97949,Hybrid,Automatic,Third,3446,140.3,24.05,6,59291.71
368,Mercedes,2007,138533,Hybrid,Manual,First,4620,539.0,22.84,5,42004.04
369,Mercedes,2010,150363,Diesel,Manual,Third,2535,297.8,10.19,5,55547.44
370,Audi,2009,182876,Hybrid,Manual,Third,4535,437.4,19.22,7,69767.76
371,BMW,2009,81971,Petrol,Automatic,First,3445,590.9,26.69,2,53963.93
372,Hyundai,2019,98471,Petrol,Automatic,Second,818,68.1,15.8,2,51537.08
373,BMW,2021,69946,Petrol,Automatic,First,1924,94.1,29.16,6,88728.64
374,Ford,2013,103989,Petrol,Manual,Third,4785,443.5,16.31,5,83247.52
375,Audi,2007,89080,Petrol,Manual,Third,3454,197.8,8.57,2,100492.74
376,Kia,2024,197404,Diesel,Automatic,Third,2880,143.2,14.74,7,32245.2
377,BMW,2021,82794,Petrol,Automatic,First,2347,62.0,28.79,5,74314.84
378,Honda,2014,35841,Diesel,Automatic,Third,1661,52.2,12.99,6,71467.79
379,Volkswagen,2007,129447,Petrol,Manual,Third,954,473.7,26.7,7,46259.32
380,Ford,2022,125029,Electric,Manual,First,4294,115.3,27.03,4,59868.73
381,Toyota,2022,184830,Electric,Manual,Second,1704,301.9,13.75,6,39712.51
382,Kia,2021,81272,Electric,Manual,Second,2069,379.3,7.08,7,19595.79
383,Ford,2007,42643,Electric,Manual,Third,1204,279.9,23.11,2,28014.74
384,Volkswagen,2007,186480,Diesel,Automatic,First,1643,55.2,12.79,4,15345.1
385,Audi,2010,48950,Diesel,Manual,Third,2582,478.8,24.57,6,82919.14
386,Volkswagen,2017,192921,Hybrid,Manual,First,2364,45.9,16.07,2,80305.1
387,Mercedes,2019,105500,Petrol,Manual,First,1984,466.7,17.13,4,114220.95
388,Volkswagen,2013,164116,Electric,Manual,Second,1546,540.3,24.45,5,88372.37
389,Mercedes,2008,130588,Diesel,Manual,Second,2525,282.4,14.56,2,9089.36
390,Audi,2018,20997,Petrol,Automatic,First,3988,339.9,16.08,7,106456.69
391,Nissan,2009,84751,Petrol,Manual,Third,1070,307.1,14.4,6,103932.99
392,Mercedes,2006,103605,Diesel,Manual,Second,4756,258.0,14.18,4,54868.48
393,Toyota,2015,159983,Electric,Manual,Third,971,537.0,18.15,2,71545.98
394,Volkswagen,2013,60533,Hybrid,Automatic,Second,1073,540.6,25.22,5,117201.16
395,Volkswagen,2007,87566,Petrol,Automatic,Second,3106,228.1,14.04,6,65279.61
396,Toyota,2013,150643,Hybrid,Automatic,Third,1958,384.4,18.11,6,108922.65
397,Honda,2007,113255,Electric,Manual,Second,2506,559.1,21.77,2,12715.53
398,Hyundai,2006,194013,Electric,Automatic,Second,2571,578.8,11.74,5,25353.07
399,Nissan,2016,63005,Hybrid,Manual,Third,1221,325.0,11.94,4,54568.33
400,Kia,2014,194784,Electric,Manual,Second,2009,293.6,28.34,2,71416.55
401,Mercedes,2013,48541,Petrol,Automatic,Second,1690,196.1,23.09,4,98498.66
402,Toyota,2019,28387,Hybrid,Manual,Second,4067,577.0,19.43,6,118626.67
403,Audi,2012,98980,Electric,Manual,Third,2273,120.0,21.19,4,48495.63
404,Mercedes,2009,184980,Hybrid,Manual,First,4043,364.7,5.73,5,8547.63
405,Hyundai,2015,90457,Petrol,Automatic,Third,2981,198.2,20.45,7,96737.07
406,Audi,2006,149129,Electric,Manual,First,2249,196.2,17.74,5,73712.54
407,Ford,2019,69028,Petrol,Manual,Second,3896,266.8,18.64,4,26229.51
408,Volkswagen,2010,124246,Electric,Automatic,First,4056,599.3,13.99,2,60894.93
409,Ford,2012,60731,Diesel,Manual,Third,3956,70.8,7.04,6,89850.3
410,Mercedes,2009,160930,Electric,Manual,Third,2390,364.0,9.83,7,93138.18
411,Hyundai,2020,184761,Hybrid,Automatic,Second,4781,86.2,28.77,2,61455.35
412,Nissan,2022,49638,Electric,Manual,First,2235,126.5,15.22,2,38710.1
413,Mercedes,2010,182558,Petrol,Manual,Second,1023,286.2,16.67,5,116927.88
414,Toyota,2009,25567,Petrol,Manual,Second,1019,325.9,6.32,4,80613.43
415,BMW,2020,165811,Electric,Manual,Third,2454,184.9,5.94,5,50763.79
416,Mercedes,2017,62804,Hybrid,Manual,First,1064,217.2,22.93,4,35814.2
417,Volkswagen,2009,113821,Diesel,Automatic,First,1753,88.7,18.45,5,88539.05
418,Volkswagen,2017,8754,Hybrid,Automatic,First,4533,209.8,17.72,2,31335.46
419,Mercedes,2021,32044,Diesel,Automatic,First,3574,581.3,11.08,6,23090.07
420,Audi,2022,72260,Petrol,Automatic,Second,3924,569.0,23.62,4,64990.57
421,BMW,2012,71912,Hybrid,Manual,Second,1279,227.5,9.21,7,36928.52
422,Toyota,2017,13706,Diesel,Manual,Third,4314,359.7,9.75,7,76581.9
423,Mercedes,2023,13894,Electric,Manual,Second,2153,549.4,16.52,2,16798.82
424,Audi,2007,154109,Petrol,Manual,Second,4122,43.5,12.16,5,79628.11
425,Volkswagen,2012,88986,Electric,Manual,Third,4678,494.0,11.19,5,36145.69
426,Volkswagen,2006,86942,Petrol,Automatic,Third,1689,571.1,21.13,2,3028.42
427,Hyundai,2012,187684,Hybrid,Automatic,Third,4654,91.1,21.27,7,17851.52
428,Mercedes,2017,34725,Hybrid,Manual,Second,1724,130.4,25.61,7,112233.0
429,BMW,2017,141998,Petrol,Manual,Second,2970,578.0,15.44,5,104480.49
430,Honda,2005,109555,Petrol,Manual,Third,2702,341.0,6.83,4,30332.26
431,BMW,2010,14496,Petrol,Automatic,Third,3195,48.0,11.84,6,94069.51
432,Volkswagen,2023,61447,Hybrid,Manual,Third,828,184.3,29.5,4,74202.88
433,Volkswagen,2020,106604,Diesel,Manual,Second,834,292.0,19.91,7,116595.85
434,Ford,2012,165878,Electric,Manual,Second,4389,428.0,22.74,4,46711.86
435,Volkswagen,2005,93199,Electric,Automatic,First,3470,450.6,5.18,6,82730.89
436,Toyota,2020,46321,Hybrid,Manual,Second,4165,597.4,17.96,4,10433.68
437,Kia,2013,158728,Electric,Automatic,Second,1388,201.0,5.94,4,49360.94
438,Mercedes,2017,60147,Petrol,Automatic,Second,4018,341.4,19.23,4,115766.67
439,BMW,2015,96396,Diesel,Automatic,Third,3938,338.7,28.02,4,66060.76
440,Kia,2017,185738,Electric,Automatic,Second,1703,267.2,29.21,2,36681.9
441,Audi,2014,43787,Diesel,Automatic,Third,4886,134.7,18.51,7,17071.7
442,Honda,2008,199018,Petrol,Automatic,First,2969,587.4,16.46,6,85312.82
443,Toyota,2010,26727,Electric,Manual,First,1139,517.9,28.63,7,78448.16
444,BMW,2011,100081,Hybrid,Manual,Third,2514,319.1,21.84,2,46750.83
445,Kia,2009,127721,Diesel,Manual,Third,1356,377.8,6.62,2,114260.14
446,Honda,2015,73056,Petrol,Automatic,Third,3887,167.3,16.64,2,5597.73
447,Ford,2017,139153,Diesel,Manual,Second,4066,344.5,11.01,2,38535.69
448,Toyota,2023,170268,Electric,Automatic,First,4367,429.2,16.75,4,110765.13
449,Toyota,2014,172807,Electric,Automatic,Third,2856,328.5,16.39,7,40549.45
450,Ford,2014,85102,Hybrid,Automatic,Second,4699,594.6,19.55,5,32513.58
451,Mercedes,2015,161570,Petrol,Manual,First,1816,382.4,13.92,6,65503.79
452,Ford,2011,81865,Petrol,Automatic,Second,2862,247.7,9.11,2,99384.8
453,Toyota,2022,167728,Hybrid,Automatic,First,1638,472.4,17.59,7,15068.17
454,Toyota,2008,72695,Hybrid,Manual,Second,2437,135.5,25.76,2,113333.42
455,Kia,2006,173972,Petrol,Manual,First,4296,255.3,21.6,2,96023.53
456,Volkswagen,2018,122235,Diesel,Automatic,First,2613,234.3,13.46,2,24206.28
457,Honda,2017,183773,Diesel,Automatic,Second,4279,281.8,28.39,2,86304.93
458,Ford,2016,113777,Hybrid,Manual,Third,2251,477.8,27.81,2,48040.17
459,Honda,2011,24033,Diesel,Manual,First,3113,311.1,10.23,6,50068.48
460,Ford,2006,146877,Petrol,Manual,Third,2314,484.6,5.99,7,94644.94
461,Audi,2017,171923,Electric,Automatic,Second,2031,362.8,23.53,2,115645.82
462,Toyota,2018,31832,Electric,Manual,Third,2445,231.6,25.69,2,17818.74
463,Volkswagen,2021,199509,Diesel,Manual,Third,3799,493.6,29.2,2,52213.74
464,Kia,2013,120725,Hybrid,Manual,Third,4240,173.4,27.25,2,59270.17
465,Volkswagen,2021,150016,Hybrid,Automatic,Third,4856,165.7,20.01,4,47028.48
466,Volkswagen,2012,24873,Hybrid,Manual,Third,1105,322.5,18.25,4,45493.13
467,Volkswagen,2006,45372,Hybrid,Manual,First,4336,186.1,5.7,5,9115.43
468,Honda,2017,94464,Hybrid,Manual,First,2523,45.1,11.17,2,83208.02
469,Ford,2007,151451,Diesel,Manual,First,2489,403.0,16.49,5,54037.09
470,Nissan,2020,122322,Electric,Manual,Second,2317,326.2,20.71,6,25790.87
471,Audi,2010,172823,Electric,Automatic,Third,4717,289.5,18.93,5,98475.92
472,BMW,2023,105082,Diesel,Automatic,First,1219,581.5,23.57,7,96899.61
473,Volkswagen,2011,10110,Hybrid,Automatic,Second,3736,359.9,11.99,4,59907.82
474,Mercedes,2014,190413,Diesel,Manual,First,4662,523.5,19.12,4,37918.73
475,Honda,2013,17087,Electric,Automatic,First,2250,118.1,7.2,2,77656.85
476,Kia,2006,159834,Petrol,Automatic,Third,3896,358.8,15.34,2,36713.8
477,BMW,2019,87617,Diesel,Automatic,Second,4061,526.1,23.75,6,30612.93
478,Nissan,2009,105483,Hybrid,Manual,Third,1964,366.5,22.34,6,88470.21
479,Mercedes,2008,14596,Electric,Manual,Third,2669,442.1,29.77,7,7718.05
480,Nissan,2024,112539,Electric,Automatic,First,2619,248.3,11.95,2,14087.91
481,BMW,2008,23313,Electric,Automatic,Third,3505,91.8,17.45,2,3794.22
482,Volkswagen,2022,118175,Electric,Manual,Second,4315,296.4,13.24,6,20894.35
483,Mercedes,2008,119914,Hybrid,Manual,Third,2142,260.9,16.02,6,11071.83
484,Nissan,2021,28705,Petrol,Automatic,Third,3026,525.6,26.42,6,119508.88
485,Kia,2016,78445,Electric,Manual,Third,1879,176.6,22.11,4,36790.77
486,Ford,2021,108892,Diesel,Automatic,First,3579,581.4,27.06,5,20464.36
487,Toyota,2014,7023,Petrol,Manual,Second,3328,576.6,10.09,5,31196.56
488,Ford,2005,124654,Electric,Automatic,First,1613,178.7,26.83,2,112526.69
489,BMW,2022,195868,Petrol,Automatic,First,2831,234.9,6.49,4,63858.75
490,Honda,2022,85073,Diesel,Manual,First,1122,541.5,27.21,6,45683.72
491,Toyota,2018,97197,Electric,Automatic,First,3769,581.3,13.23,2,105186.8
492,Audi,2019,69429,Diesel,Automatic,First,1703,288.3,12.86,4,49213.86
493,Kia,2016,109195,Hybrid,Automatic,Second,2341,219.8,17.8,7,42196.0
494,Audi,2008,197699,Electric,Manual,Third,4303,334.6,28.52,4,27252.06
495,Mercedes,2007,38848,Electric,Manual,First,3453,425.2,6.19,2,47202.23
496,Toyota,2024,173876,Electric,Manual,First,3276,193.1,13.81,5,40052.07
497,Audi,2016,151451,Electric,Automatic,Second,4140,452.4,26.41,6,82244.56
498,Audi,2011,195736,Hybrid,Manual,Second,1941,68.9,14.9,7,36881.18
499,Nissan,2015,32766,Electric,Automatic,Third,1649,67.6,9.98,4,70532.37
500,Ford,2005,73099,Petrol,Automatic,Second,1166,256.3,15.62,2,10709.38
501,Nissan,2010,172132,Electric,Manual,Third,3697,237.9,14.64,2,25380.83
502,Toyota,2019,74122,Hybrid,Manual,First,1889,216.8,27.89,6,50666.42
503,Toyota,2019,152159,Electric,Automatic,First,4841,315.0,24.05,2,112623.06
504,BMW,2023,53868,Petrol,Automatic,Third,2838,219.6,17.63,2,47138.48
505,Nissan,2015,124119,Hybrid,Manual,Second,3660,147.7,29.71,6,80696.67
506,Hyundai,2006,159297,Hybrid,Manual,Third,2654,213.3,16.63,7,32845.21
507,Ford,2018,100286,Petrol,Manual,Second,1294,585.9,6.46,5,17862.93
508,Toyota,2006,11643,Petrol,Automatic,First,3982,270.2,11.56,5,9848.78
509,BMW,2008,41727,Petrol,Automatic,Second,2584,289.0,15.9,4,38733.38
510,Nissan,2021,147077,Petrol,Automatic,Third,4310,362.9,8.92,7,21446.34
511,Ford,2007,114079,Petrol,Automatic,Third,4586,590.7,28.69,4,23359.22
512,Nissan,2017,70697,Hybrid,Automatic,First,4930,175.3,24.17,5,92008.84
513,Audi,2013,21029,Hybrid,Manual,Second,1798,421.5,11.71,6,4853.05
514,BMW,2011,150298,Electric,Manual,Second,2251,441.0,19.77,2,68263.78
515,Ford,2019,199718,Electric,Automatic,Second,2551,380.1,23.04,5,47396.98
516,Volkswagen,2015,196675,Diesel,Automatic,First,3080,89.6,28.53,7,62266.35
517,Mercedes,2024,164803,Electric,Manual,Second,3734,419.0,27.04,5,68851.14
518,Mercedes,2006,114458,Electric,Manual,Third,4534,75.9,17.88,7,39664.02
519,Ford,2019,115384,Petrol,Manual,Second,4146,373.8,24.37,7,37527.74
520,Nissan,2018,73926,Petrol,Manual,First,2673,454.2,19.05,7,88808.02
521,BMW,2024,142069,Electric,Automatic,Second,4603,158.1,18.82,4,104939.41
522,Mercedes,2015,60506,Diesel,Manual,Second,2779,511.3,7.87,6,25532.05
523,BMW,2007,83229,Petrol,Automatic,Third,1498,57.0,8.15,5,14421.39
524,Mercedes,2021,185887,Electric,Manual,Second,2112,512.5,18.24,6,108042.11
525,Audi,2016,47092,Electric,Manual,Third,3762,297.8,11.72,2,43937.77
526,Nissan,2019,67539,Hybrid,Manual,Third,3738,161.8,5.53,5,67504.13
527,Audi,2020,157889,Diesel,Automatic,First,3100,114.9,23.07,6,45066.55
528,Mercedes,2009,173933,Hybrid,Automatic,Third,3997,573.9,5.81,6,17718.87
529,Volkswagen,2024,18428,Diesel,Manual,Third,926,80.7,19.88,2,71951.8
530,Volkswagen,2010,180006,Petrol,Automatic,First,1991,151.5,18.48,7,64441.48
531,Audi,2023,146330,Diesel,Automatic,Third,3439,234.8,29.22,5,26750.25
532,Volkswagen,2009,62775,Electric,Manual,First,4716,387.3,17.11,5,55868.68
533,Mercedes,2007,10469,Electric,Manual,Second,2166,345.1,6.59,2,96242.86
534,Ford,2005,33854,Diesel,Automatic,First,1819,110.4,18.79,7,72079.85
535,Audi,2010,142328,Diesel,Automatic,Third,4879,202.2,26.03,5,14339.33
536,Honda,2019,81256,Diesel,Automatic,First,1484,173.7,29.92,5,67118.52
537,Nissan,2006,170009,Hybrid,Manual,Third,4429,159.6,15.76,5,85220.38
538,Volkswagen,2007,104134,Diesel,Manual,Second,3687,270.2,13.01,7,95746.3
539,Volkswagen,2021,137723,Petrol,Automatic,First,2262,434.3,27.67,2,76606.76
540,Toyota,2016,186360,Hybrid,Manual,Second,4886,161.8,9.78,5,20861.01
541,Hyundai,2022,89730,Hybrid,Manual,Third,3061,245.3,20.39,6,86090.27
542,Audi,2019,161123,Diesel,Automatic,Third,4980,258.9,15.14,7,82249.0
543,Kia,2016,32386,Petrol,Automatic,Second,3641,586.8,6.03,4,5857.95
544,Volkswagen,2020,152256,Hybrid,Manual,First,2567,574.6,13.68,2,51174.48
545,Nissan,2012,38787,Electric,Manual,First,4980,488.1,11.63,6,41955.18
546,Honda,2018,26621,Hybrid,Automatic,Third,4360,175.3,22.15,5,81321.21
547,Volkswagen,2021,82984,Diesel,Manual,Second,2912,78.1,28.72,4,28287.89
548,Honda,2012,195864,Petrol,Manual,Second,1426,217.5,11.7,2,72132.01
549,Mercedes,2019,181325,Diesel,Automatic,First,4959,189.4,25.29,7,109845.1
550,Mercedes,2018,39051,Electric,Automatic,First,4214,323.3,6.38,4,96342.88
551,Hyundai,2022,54811,Electric,Manual,First,2175,475.5,18.45,4,110810.56
552,Ford,2024,35447,Electric,Manual,Second,1981,520.7,6.76,6,117485.2
553,Kia,2011,133046,Diesel,Manual,First,1290,513.1,28.35,2,4248.4
554,Toyota,2007,166326,Hybrid,Automatic,First,4529,241.4,24.16,6,75860.73
555,Hyundai,2016,89045,Diesel,Manual,Third,4334,424.9,21.45,6,51302.21
556,BMW,2007,121859,Petrol,Manual,First,4096,215.2,25.6,5,103602.98
557,Toyota,2024,193490,Hybrid,Automatic,First,2740,74.1,21.19,7,32462.32
558,Audi,2018,150544,Electric,Automatic,Second,2682,432.9,29.22,4,117780.45
559,Nissan,2019,8471,Diesel,Manual,Second,3787,45.5,22.85,2,74803.83
560,BMW,2018,125312,Electric,Automatic,Third,3959,269.1,28.12,7,95843.88
561,BMW,2011,144401,Electric,Automatic,First,1481,224.5,17.93,7,13015.15
562,Hyundai,2021,170937,Petrol,Manual,Third,1873,428.3,7.93,2,24464.57
563,Ford,2016,51850,Hybrid,Automatic,Second,3187,469.1,18.2,7,91733.23
564,Hyundai,2024,59220,Petrol,Automatic,Third,3194,210.3,8.17,5,5572.42
565,Audi,2008,98808,Petrol,Manual,Second,3493,494.5,19.81,7,98574.72
566,Volkswagen,2013,142469,Petrol,Automatic,Third,2170,204.6,17.06,5,4632.04
567,Volkswagen,2010,171597,Electric,Manual,Third,2956,289.9,20.56,4,79882.9
568,Ford,2020,58072,Petrol,Manual,First,3380,447.1,5.25,4,45715.99
569,Audi,2006,88820,Petrol,Automatic,Third,2959,428.0,9.87,6,74544.9
570,Ford,2012,28284,Hybrid,Automatic,First,4048,592.9,17.28,5,84435.67
571,Honda,2015,197402,Hybrid,Automatic,First,4531,166.1,28.76,4,43069.6
572,Volkswagen,2017,88369,Petrol,Manual,First,4629,410.9,14.59,7,15631.61
573,BMW,2021,30122,Hybrid,Automatic,First,2427,381.4,15.61,2,11148.57
574,Kia,2012,135349,Hybrid,Manual,Third,4272,552.5,22.87,2,71905.51
575,Nissan,2022,75553,Petrol,Automatic,Second,827,127.6,20.09,5,63916.68
576,Audi,2022,99788,Electric,Automatic,Second,2785,461.0,12.47,6,89837.52
577,Toyota,2018,67812,Petrol,Automatic,Second,4953,358.2,15.27,7,62639.05
578,Ford,2019,12999,Hybrid,Manual,Third,2321,193.8,10.44,5,52426.16
579,Nissan,2010,27436,Electric,Automatic,First,1096,305.7,29.15,2,49576.2
580,Toyota,2015,47963,Diesel,Automatic,Second,2981,226.9,8.27,5,6094.29
581,Nissan,2017,138168,Electric,Manual,Third,4202,364.4,14.3,7,42260.19
582,Kia,2005,161351,Hybrid,Manual,First,3096,537.8,5.65,4,117194.36
583,Toyota,2010,113899,Electric,Automatic,Second,3397,358.8,10.54,7,105206.0
584,Hyundai,2013,31201,Petrol,Automatic,First,1701,393.8,24.51,4,41537.23
585,Mercedes,2012,155787,Diesel,Automatic,Second,1898,330.5,10.03,4,71772.06
586,Hyundai,2015,165381,Diesel,Manual,Second,2477,68.7,7.0,4,102133.72
587,Volkswagen,2023,151150,Diesel,Manual,Second,3681,170.4,16.86,5,54629.1
588,Mercedes,2013,192686,Hybrid,Manual,First,2178,315.5,5.25,2,5101.07
589,Hyundai,2021,10105,Hybrid,Manual,Third,2048,213.7,7.12,5,11717.72
590,Mercedes,2016,122666,Diesel,Automatic,First,4535,141.8,25.19,2,62715.95
591,Mercedes,2018,99848,Electric,Manual,Second,2064,322.3,24.29,7,116424.41
592,BMW,2019,7839,Diesel,Manual,First,2707,220.8,27.88,6,84105.52
593,Ford,2020,73920,Electric,Manual,Third,1858,184.5,26.36,7,11297.19
594,Ford,2024,48619,Electric,Automatic,First,3549,299.8,22.08,5,25155.22
595,BMW,2005,47821,Hybrid,Automatic,Third,2848,114.6,6.31,5,93244.81
596,Nissan,2014,130736,Electric,Manual,Third,3276,559.5,24.57,2,101448.45
597,Honda,2012,149565,Diesel,Manual,First,4816,525.9,26.14,5,75270.27
598,Nissan,2022,22069,Hybrid,Automatic,Second,3997,436.3,24.98,4,78397.51
599,Toyota,2005,12531,Petrol,Automatic,Third,4353,99.5,17.71,5,6315.48
600,Toyota,2006,173123,Petrol,Automatic,First,2561,474.5,10.82,2,99938.04
601,Mercedes,2005,143808,Hybrid,Automatic,Third,1020,492.5,26.13,2,95228.2
602,Hyundai,2005,143782,Diesel,Automatic,Second,3688,469.9,23.18,4,33307.11
603,Hyundai,2013,72155,Petrol,Automatic,First,2464,103.8,29.52,2,85915.18
604,Ford,2017,150047,Petrol,Automatic,First,4786,400.6,8.89,6,28137.99
605,Audi,2005,67424,Electric,Automatic,First,3777,507.2,10.64,7,7718.63
606,Nissan,2017,50603,Electric,Manual,Second,2671,363.3,10.29,5,26532.98
607,Volkswagen,2024,159324,Diesel,Manual,Third,2262,402.0,24.81,6,23899.58
608,Kia,2011,137503,Hybrid,Manual,First,1144,296.7,9.67,5,42516.52
609,Hyundai,2006,173553,Diesel,Manual,Third,844,336.1,6.67,6,51958.59
610,Kia,2010,97573,Hybrid,Manual,Third,2868,59.3,29.96,5,62499.05
611,Mercedes,2011,145629,Petrol,Manual,Second,2314,397.8,5.62,4,58780.2
612,Kia,2018,108302,Electric,Automatic,First,3398,85.6,25.88,2,34668.93
613,Volkswagen,2022,136234,Diesel,Automatic,Third,1801,283.6,14.13,2,6412.97
614,BMW,2019,170814,Diesel,Manual,First,1833,203.9,26.04,4,73796.89
615,Volkswagen,2006,24675,Hybrid,Manual,First,2840,345.4,18.87,6,49302.15
616,Kia,2014,78997,Hybrid,Automatic,Second,1073,114.7,27.54,7,37944.64
617,Volkswagen,2016,153087,Diesel,Automatic,First,3447,427.3,28.15,6,104432.1
618,Honda,2021,186129,Hybrid,Automatic,First,2579,485.2,5.23,2,90368.97
619,Mercedes,2012,168663,Diesel,Manual,Third,1278,131.5,6.89,7,103358.57
620,Nissan,2015,145905,Diesel,Automatic,Second,1315,98.4,11.26,5,60912.99
621,BMW,2007,12896,Diesel,Manual,First,1991,121.5,21.73,7,18318.96
622,Hyundai,2010,169044,Petrol,Manual,Third,3468,531.2,27.21,6,84457.91
623,Toyota,2013,54733,Hybrid,Automatic,Second,2211,335.8,16.5,4,27110.63
624,Nissan,2010,46800,Electric,Automatic,Second,4080,301.7,20.17,5,54623.87
625,Toyota,2013,101044,Electric,Manual,Third,1071,99.8,9.71,6,10605.09
626,Mercedes,2011,10347,Hybrid,Automatic,Third,942,403.8,25.12,5,99561.08
627,BMW,2013,195135,Diesel,Automatic,Third,4132,526.1,29.18,7,17735.06
628,Ford,2022,138715,Electric,Manual,Third,1587,503.8,11.71,2,108662.41
629,Hyundai,2016,45785,Electric,Automatic,Third,2481,390.6,17.37,6,104114.98
630,Honda,2012,23681,Hybrid,Manual,First,1422,82.2,7.15,4,57356.18
631,Ford,2012,186098,Electric,Manual,First,4641,102.9,18.98,7,90091.08
632,Mercedes,2022,108864,Diesel,Automatic,Second,4476,67.6,17.57,6,75475.07
633,Nissan,2024,151964,Hybrid,Manual,First,3372,184.2,8.61,4,96959.85
634,Honda,2019,52299,Diesel,Manual,First,4060,116.0,16.05,6,53521.2
635,Volkswagen,2011,22073,Electric,Automatic,First,866,185.6,13.35,7,94939.59
636,Kia,2015,107304,Electric,Automatic,Third,1940,255.6,18.05,6,57107.45
637,Honda,2024,35682,Diesel,Automatic,Second,3114,568.1,19.64,5,113093.0
638,Mercedes,2020,129302,Petrol,Manual,Second,3332,381.8,5.21,7,59905.54
639,Audi,2008,150361,Electric,Manual,Second,4380,507.6,24.03,6,57126.45
640,Kia,2010,120359,Petrol,Automatic,Second,1987,437.8,22.83,2,94853.41
641,Toyota,2007,143999,Electric,Manual,First,4139,103.0,14.16,6,99124.59
642,Hyundai,2013,184402,Petrol,Automatic,First,1348,452.1,6.32,5,67875.23
643,Toyota,2014,71707,Petrol,Automatic,Third,4887,194.1,23.87,4,24036.34
644,Honda,2018,70428,Petrol,Manual,Second,872,397.9,28.88,4,57727.71
645,Toyota,2015,55601,Diesel,Automatic,First,998,230.9,11.0,4,116264.48
646,Mercedes,2022,138611,Petrol,Manual,First,4001,598.7,13.09,2,91099.38
647,Volkswagen,2016,116487,Petrol,Manual,Third,2581,187.6,9.6,5,97906.02
648,Nissan,2016,158741,Petrol,Automatic,Third,1371,196.3,19.42,7,6840.58
649,Hyundai,2017,156716,Electric,Manual,Third,1590,561.2,8.87,4,57739.56
650,Toyota,2017,154817,Petrol,Automatic,First,2438,53.8,13.9,5,78654.67
651,Toyota,2023,33228,Electric,Manual,First,2631,430.1,22.43,6,100113.82
652,Honda,2023,170593,Petrol,Manual,Third,2655,446.2,19.0,2,8765.02
653,Nissan,2018,127788,Petrol,Manual,Second,1974,508.4,14.66,5,102735.35
654,Ford,2008,102239,Diesel,Automatic,Third,4540,585.7,15.51,5,67162.91
655,Toyota,2017,31928,Electric,Manual,Third,4077,586.3,19.05,7,26085.73
656,Mercedes,2012,23322,Petrol,Automatic,Third,978,76.6,5.15,5,40118.86
657,Audi,2023,193786,Electric,Manual,Third,3044,500.2,6.96,7,35985.76
658,Hyundai,2016,92896,Electric,Manual,First,4886,401.9,27.03,2,65110.51
659,Toyota,2022,67292,Hybrid,Automatic,Second,1534,402.5,6.95,2,9047.22
660,Mercedes,2010,34055,Diesel,Automatic,Third,1598,111.9,22.67,6,21548.73
661,Mercedes,2022,47891,Diesel,Automatic,Second,1587,404.1,28.0,7,98085.09
662,Hyundai,2023,86912,Diesel,Automatic,Second,3595,590.2,11.77,7,18514.67
663,Ford,2009,142660,Hybrid,Automatic,Second,3884,550.6,14.26,4,30307.36
664,Mercedes,2013,95536,Hybrid,Manual,Third,3718,285.9,19.22,4,56044.36
665,Audi,2007,11304,Diesel,Manual,First,1531,62.4,27.04,6,63503.14
666,Mercedes,2014,12345,Hybrid,Automatic,Third,1929,242.9,28.55,2,92342.43
667,Mercedes,2023,165372,Hybrid,Manual,Second,4246,502.8,23.49,4,55337.89
668,Mercedes,2007,160331,Hybrid,Manual,Second,2405,432.8,7.17,5,95414.16
669,Volkswagen,2019,96006,Diesel,Manual,First,4578,297.2,21.73,2,75346.52
670,Volkswagen,2005,151424,Diesel,Automatic,Third,3545,70.9,15.26,5,16232.67
671,Ford,2011,134350,Diesel,Manual,Second,3970,279.1,16.77,7,21290.78
672,Toyota,2016,169437,Hybrid,Manual,First,3733,302.7,6.23,2,54132.95
673,Mercedes,2021,24446,Diesel,Manual,Second,2015,560.0,9.78,6,49436.06
674,Nissan,2024,7336,Hybrid,Automatic,First,1124,399.0,24.76,7,89994.68
675,Toyota,2009,67032,Petrol,Manual,First,2650,214.5,16.35,7,70946.25
676,Ford,2008,102852,Hybrid,Manual,Third,2290,334.2,12.54,5,48411.57
677,BMW,2016,143593,Electric,Automatic,Second,1693,77.0,14.6,7,22978.95
678,Toyota,2024,159553,Diesel,Automatic,Third,2190,584.6,26.36,4,29539.94
679,Toyota,2022,23474,Diesel,Manual,Second,4189,241.6,23.72,2,70333.62
680,Kia,2021,182832,Electric,Manual,Third,3063,307.6,11.81,4,52542.34
681,Honda,2023,60718,Hybrid,Automatic,Second,4232,239.0,7.94,5,63246.52
682,Kia,2013,49629,Petrol,Automatic,Third,3171,422.2,11.3,5,22969.26
683,Audi,2008,50232,Electric,Automatic,First,3886,410.9,28.02,2,80560.03
684,Volkswagen,2006,91544,Electric,Automatic,Second,2315,440.6,19.54,7,102747.03
685,Volkswagen,2008,55669,Hybrid,Automatic,Second,3717,190.2,18.34,6,33178.92
686,Honda,2006,74184,Diesel,Automatic,First,3152,216.8,19.91,5,60507.16
687,Hyundai,2019,184017,Hybrid,Automatic,Third,1967,110.1,14.15,2,117136.7
688,Hyundai,2006,18140,Electric,Manual,Second,910,407.1,25.18,6,41989.28
689,Ford,2008,131468,Electric,Automatic,Second,4455,62.3,18.08,7,72620.42
690,Honda,2010,88457,Diesel,Automatic,Third,4593,374.7,7.92,5,13552.9
691,Toyota,2011,19357,Diesel,Manual,First,2555,527.0,8.23,2,73903.76
692,Hyundai,2014,116672,Diesel,Automatic,Third,2377,538.9,18.42,2,13486.92
693,Mercedes,2023,73673,Hybrid,Automatic,Third,2096,291.5,28.41,2,115230.55
694,Nissan,2023,126673,Diesel,Manual,Third,4574,297.2,12.71,5,86732.53
695,Toyota,2016,70633,Electric,Automatic,Second,3020,83.1,26.74,6,95214.7
696,Audi,2007,101111,Electric,Manual,First,1772,415.6,24.1,2,85380.21
697,Mercedes,2017,83258,Petrol,Manual,First,1830,499.9,11.2,7,71998.3
698,Mercedes,2022,148996,Hybrid,Manual,Third,3393,177.0,5.91,2,55639.8
699,Honda,2012,74286,Petrol,Manual,Second,4792,275.9,7.55,6,103429.69
700,Ford,2019,98269,Electric,Automatic,Third,1713,509.8,23.21,5,114949.77
701,Audi,2005,79071,Petrol,Manual,Second,2981,531.2,9.99,2,61387.23
702,Hyundai,2007,193398,Electric,Manual,Second,3997,176.2,14.28,2,111989.6
703,Honda,2012,35651,Petrol,Automatic,Second,2262,348.3,17.54,7,71249.95
704,Hyundai,2008,75202,Diesel,Manual,Second,3178,147.8,23.14,7,65990.95
705,Honda,2020,53777,Petrol,Manual,First,4254,97.1,7.83,2,56174.48
706,Honda,2014,153066,Diesel,Manual,Second,4353,550.2,15.16,2,27486.67
707,Honda,2016,72263,Diesel,Manual,Second,2107,499.5,17.13,7,3435.2
708,Ford,2018,195706,Hybrid,Automatic,Third,1989,465.6,18.52,6,31256.23
709,Honda,2018,105158,Diesel,Manual,Third,1487,67.3,25.46,4,62637.61
710,BMW,2006,15800,Diesel,Automatic,First,2007,512.5,9.29,4,47455.31
711,Nissan,2009,42823,Petrol,Automatic,Third,2694,285.3,25.2,2,55472.77
712,Hyundai,2009,68878,Electric,Manual,Second,2611,231.7,22.32,7,117735.84
713,Toyota,2010,23708,Hybrid,Manual,Third,3983,346.0,18.9,5,43981.87
714,Kia,2017,148891,Diesel,Manual,First,4597,91.2,22.49,5,55905.4
715,Audi,2013,68870,Hybrid,Manual,Third,2444,463.7,15.3,4,18621.32
716,Volkswagen,2019,14283,Petrol,Automatic,Third,4768,366.2,8.46,6,8611.05
717,Ford,2018,166645,Diesel,Automatic,First,3516,144.5,21.64,4,93722.91
718,Toyota,2011,83707,Petrol,Automatic,First,990,145.4,18.12,2,69769.93
719,Mercedes,2024,167005,Hybrid,Manual,Second,2135,143.2,20.98,6,92002.46
720,BMW,2006,10774,Petrol,Automatic,Third,3906,71.9,13.45,5,20533.95
721,Volkswagen,2011,147055,Hybrid,Manual,Second,1178,369.2,27.67,7,69903.97
722,Kia,2010,101468,Petrol,Manual,Third,4629,510.6,19.68,7,32676.17
723,Toyota,2021,101334,Hybrid,Manual,Third,1415,49.8,7.14,2,29683.23
724,Volkswagen,2006,23133,Electric,Manual,Second,3130,67.4,16.25,4,4348.54
725,Toyota,2007,151011,Petrol,Manual,Third,2554,360.8,23.91,2,18249.86
726,BMW,2009,5781,Petrol,Automatic,Third,1263,498.9,24.85,7,39184.37
727,Kia,2009,119586,Electric,Automatic,Third,1766,223.0,17.36,5,16674.81
728,Mercedes,2005,192772,Electric,Manual,First,3958,235.8,27.37,7,118345.44
729,Honda,2012,32624,Petrol,Automatic,Second,4424,374.0,11.69,6,39110.02
730,Hyundai,2016,11823,Electric,Manual,First,1489,193.6,15.26,7,18247.9
731,Mercedes,2008,23489,Diesel,Manual,Second,3422,54.9,27.46,7,26292.63
732,Honda,2017,176033,Hybrid,Manual,Second,3012,451.7,27.41,6,71761.28
733,Ford,2019,34118,Hybrid,Automatic,Third,1182,390.4,22.14,4,10493.09
734,Nissan,2015,105417,Hybrid,Manual,Second,3056,365.2,26.47,7,103904.79
735,Audi,2014,86816,Diesel,Manual,First,4610,455.3,7.22,2,115495.46
736,Audi,2007,158335,Electric,Automatic,First,4303,418.1,26.62,7,31869.45
737,Hyundai,2018,18565,Electric,Automatic,First,2212,155.3,13.02,2,55661.15
738,Kia,2020,156426,Petrol,Automatic,Second,2383,237.4,9.46,6,5589.73
739,BMW,2014,179023,Electric,Manual,First,1171,110.6,10.98,7,77963.1
740,Kia,2014,96179,Petrol,Manual,Second,1410,112.7,15.45,6,51429.35
741,BMW,2016,28648,Diesel,Automatic,First,915,418.7,11.28,6,34596.84
742,Kia,2013,186801,Hybrid,Manual,First,1246,520.8,13.01,4,27199.94
743,Nissan,2005,46971,Hybrid,Automatic,Second,2191,579.1,8.37,7,79520.7
744,Ford,2009,23658,Hybrid,Automatic,First,4124,391.9,12.4,2,51697.39
745,Ford,2024,26253,Electric,Manual,Third,2140,143.1,19.31,2,24020.14
746,Honda,2012,184635,Petrol,Manual,Second,3739,99.2,16.05,7,83625.76
747,Volkswagen,2015,162462,Petrol,Automatic,Second,4499,495.2,13.67,4,69113.46
748,Ford,2016,93664,Diesel,Automatic,Second,1873,364.1,23.66,4,103464.63
749,Ford,2005,187650,Electric,Automatic,Third,4369,386.2,27.34,4,16744.68
750,Mercedes,2024,108850,Diesel,Automatic,Second,3950,477.6,23.92,2,94922.99
751,Mercedes,2015,168730,Petrol,Manual,First,2405,433.8,13.3,6,81801.46
752,Honda,2009,142924,Petrol,Automatic,First,3094,507.3,23.61,4,16456.28
753,Volkswagen,2019,138623,Hybrid,Automatic,First,4462,71.5,8.8,2,84294.03
754,Hyundai,2009,76947,Electric,Automatic,Second,1783,458.6,8.26,2,54661.03
755,Mercedes,2016,66001,Petrol,Manual,First,1151,516.5,13.64,6,113563.22
756,Hyundai,2009,185231,Hybrid,Manual,Second,2524,200.2,25.19,7,19568.53
757,Toyota,2021,127775,Electric,Automatic,First,2751,398.7,11.16,7,78211.51
758,Mercedes,2021,187779,Diesel,Manual,Third,2079,215.9,6.58,4,47691.67
759,Nissan,2016,38243,Electric,Manual,Third,2707,576.5,8.29,4,114947.32
760,Volkswagen,2019,157872,Electric,Manual,Third,1824,58.7,26.47,6,41607.06
761,Honda,2019,80939,Petrol,Automatic,Third,1345,364.7,20.84,4,115575.75
762,Toyota,2010,62828,Petrol,Automatic,Second,4974,133.2,11.33,6,108473.84
763,Volkswagen,2016,143311,Electric,Manual,First,3181,438.8,18.88,2,34634.84
764,Nissan,2024,11710,Petrol,Automatic,Third,1688,138.5,18.19,4,97014.39
765,Volkswagen,2022,157456,Petrol,Automatic,Second,1905,171.8,21.39,2,119485.69
766,Nissan,2018,157110,Petrol,Manual,Third,3349,316.8,10.83,5,32561.57
767,Nissan,2006,176918,Hybrid,Manual,Third,2790,552.3,26.61,6,54102.93
768,Hyundai,2013,42991,Hybrid,Automatic,Second,4798,158.6,12.73,5,63861.15
769,Kia,2009,143043,Electric,Manual,Second,4575,120.8,22.35,4,37506.94
770,Toyota,2024,165211,Petrol,Automatic,First,3612,465.0,5.4,2,4785.99
771,Volkswagen,2005,90445,Hybrid,Automatic,First,1720,320.3,14.32,4,28755.12
772,BMW,2007,85257,Electric,Manual,Third,2861,550.6,13.79,5,35986.62
773,Toyota,2010,42711,Petrol,Automatic,Third,4439,122.1,18.59,4,54901.17
774,Kia,2009,11530,Diesel,Automatic,First,3965,401.7,6.82,7,23018.99
775,Toyota,2009,16116,Petrol,Manual,First,3444,170.4,24.75,5,105170.76
776,Ford,2005,70794,Petrol,Manual,Second,1845,127.8,10.44,4,85474.6
777,BMW,2021,136354,Hybrid,Manual,First,4356,422.7,21.93,2,12968.46
778,Kia,2023,137970,Electric,Automatic,First,3481,372.5,25.08,4,79060.82
779,Hyundai,2018,9135,Electric,Manual,Third,3999,462.7,19.05,2,79477.81
780,Volkswagen,2016,142701,Hybrid,Manual,First,1738,213.3,23.52,7,114877.88
781,Audi,2014,114472,Petrol,Manual,Third,1241,290.9,21.55,4,3353.44
782,Kia,2024,130147,Diesel,Manual,First,3350,267.1,13.89,7,32008.1
783,Honda,2022,94087,Petrol,Automatic,Second,1396,591.1,25.22,5,111551.6
784,Volkswagen,2015,38380,Petrol,Automatic,First,2305,203.7,12.37,2,112059.67
785,Kia,2006,134951,Diesel,Manual,First,1661,205.1,19.28,5,87308.61
786,Ford,2022,22071,Hybrid,Automatic,First,3440,238.5,23.63,2,92594.31
787,Audi,2011,25074,Electric,Manual,Third,4531,356.2,14.47,7,13703.51
788,Ford,2019,72843,Hybrid,Manual,Second,2351,181.3,12.57,6,63123.47
789,Audi,2015,44901,Hybrid,Automatic,First,4036,552.6,16.48,4,30095.21
790,Honda,2022,16205,Petrol,Automatic,Third,2536,188.8,25.45,7,24202.51
791,Volkswagen,2016,191733,Electric,Manual,Second,2249,541.7,28.25,2,97805.49
792,Hyundai,2010,129661,Electric,Manual,Third,1064,97.9,18.63,2,18799.46
793,Ford,2024,10906,Hybrid,Automatic,Third,3459,407.7,21.54,2,57832.24
794,Ford,2017,138663,Diesel,Manual,Second,3521,547.9,27.58,2,112813.65
795,Nissan,2024,130576,Hybrid,Automatic,First,2262,134.5,7.46,4,24742.35
796,Audi,2020,67987,Diesel,Manual,Third,2245,582.3,10.8,5,117425.23
797,Mercedes,2022,199442,Electric,Manual,Third,3098,293.6,22.72,6,119331.69
798,Volkswagen,2014,85685,Hybrid,Automatic,First,3725,569.6,25.59,4,68007.21
799,Audi,2012,115454,Petrol,Automatic,First,2432,419.0,26.43,2,22906.7
800,Nissan,2022,110487,Hybrid,Automatic,Second,3174,208.9,15.38,4,39984.27
801,Toyota,2005,59400,Electric,Automatic,Second,1312,145.4,7.23,7,52665.66
802,Audi,2012,161222,Petrol,Automatic,Second,1015,210.1,15.94,2,39190.93
803,Hyundai,2010,36852,Petrol,Automatic,First,4131,92.1,10.77,6,35834.36
804,Volkswagen,2009,178942,Diesel,Automatic,Third,2972,120.6,12.28,2,116750.88
805,Nissan,2019,57756,Petrol,Manual,Third,3953,98.6,24.31,6,20943.68
806,Toyota,2019,120357,Petrol,Manual,Second,2506,276.8,6.89,6,88799.37
807,BMW,2006,124052,Hybrid,Manual,First,2906,485.5,25.69,5,3048.0
808,Nissan,2005,61481,Electric,Automatic,Third,2367,119.2,15.69,5,72753.37
809,BMW,2015,6283,Diesel,Automatic,Second,3008,113.0,19.9,4,110165.33
810,Volkswagen,2014,38691,Hybrid,Automatic,Third,3131,400.3,7.24,4,36688.29
811,Ford,2022,137197,Petrol,Manual,Third,2953,150.4,13.43,6,24706.54
812,Nissan,2022,31170,Petrol,Automatic,First,1928,94.7,7.24,2,79246.54
813,Honda,2021,13438,Diesel,Automatic,First,4310,133.4,29.04,7,86374.36
814,BMW,2012,25095,Electric,Manual,Third,4453,557.3,25.18,7,83499.57
815,Hyundai,2019,152226,Diesel,Automatic,Second,3165,500.0,16.49,2,40360.07
816,Honda,2012,144076,Hybrid,Manual,First,3721,238.3,10.59,2,32507.68
817,Kia,2021,14752,Diesel,Manual,Third,1879,407.3,28.34,5,114842.5
818,Kia,2016,60426,Petrol,Automatic,First,4311,340.9,13.61,7,111026.04
819,Toyota,2012,31819,Hybrid,Automatic,First,3541,419.2,9.02,6,56506.04
820,Ford,2018,97051,Petrol,Automatic,First,3820,422.3,19.08,4,102004.68
821,Volkswagen,2008,160289,Electric,Manual,Third,1028,392.1,28.59,5,55921.85
822,Nissan,2005,37994,Petrol,Manual,Second,970,189.0,5.1,7,52653.52
823,Mercedes,2005,151108,Petrol,Manual,Second,1094,61.8,10.95,2,21341.26
824,Hyundai,2023,102756,Diesel,Automatic,Second,1225,295.1,28.46,7,52889.51
825,BMW,2020,185488,Petrol,Automatic,First,1718,538.9,9.28,6,65877.78
826,Volkswagen,2018,145659,Hybrid,Automatic,Third,4053,358.9,7.83,5,5633.01
827,Honda,2020,100665,Hybrid,Automatic,First,1298,506.1,19.25,2,54961.22
828,Kia,2009,136717,Electric,Manual,Second,3609,595.3,26.55,6,94418.68
829,Hyundai,2013,167002,Hybrid,Manual,Second,1625,131.6,16.93,4,82565.39
830,Mercedes,2006,86835,Diesel,Manual,Third,4579,427.4,29.86,5,77313.37
831,Nissan,2022,127232,Electric,Manual,First,2658,417.6,21.98,6,109417.99
832,Toyota,2010,166162,Hybrid,Automatic,Second,2918,588.8,6.85,6,5109.75
833,Mercedes,2013,188214,Diesel,Automatic,Third,945,591.9,29.82,2,68174.57
834,Hyundai,2005,162547,Hybrid,Automatic,First,4377,424.5,15.2,4,95119.82
835,Mercedes,2013,154960,Hybrid,Manual,First,992,176.4,12.19,6,66336.24
836,Hyundai,2020,48732,Petrol,Manual,Second,4688,487.2,18.95,5,40895.78
837,Hyundai,2017,51305,Hybrid,Automatic,Second,851,99.9,12.61,6,18941.32
838,Audi,2013,182109,Hybrid,Automatic,First,3210,477.2,7.16,7,106844.88
839,BMW,2017,14346,Diesel,Manual,First,2620,549.7,5.04,5,58079.2
840,Kia,2013,5587,Diesel,Automatic,Second,3764,254.4,16.24,5,105739.48
841,Audi,2015,17763,Petrol,Manual,First,3321,393.2,25.92,6,71544.7
842,Nissan,2008,195237,Hybrid,Manual,Second,2669,280.9,19.31,2,81880.48
843,Audi,2006,74615,Petrol,Manual,First,3368,285.1,29.98,5,97098.56
844,Ford,2010,172188,Hybrid,Automatic,Second,2667,213.8,12.17,7,80121.2
845,Ford,2018,125987,Electric,Automatic,Third,3538,466.8,12.01,2,49572.42
846,Kia,2008,96353,Electric,Manual,Second,4069,564.3,8.99,2,63095.11
847,Mercedes,2010,100648,Petrol,Automatic,Second,3999,566.8,9.1,2,96956.33
848,BMW,2023,30556,Petrol,Manual,Third,3379,137.9,12.13,5,46717.08
849,Kia,2010,64042,Petrol,Manual,First,4805,529.9,24.82,2,48410.21
850,Hyundai,2006,23099,Diesel,Manual,Third,1040,453.0,27.64,6,14195.74
851,Honda,2022,114089,Diesel,Manual,Second,4240,181.6,29.38,2,110006.38
852,BMW,2017,181168,Diesel,Automatic,First,2207,77.7,10.81,7,13651.25
853,BMW,2013,149302,Petrol,Manual,Third,4302,190.1,27.03,4,78840.47
854,Hyundai,2023,165081,Hybrid,Manual,First,4838,550.8,13.21,7,51343.75
855,Hyundai,2017,38866,Electric,Automatic,First,882,394.6,7.82,5,50457.47
856,Toyota,2015,110400,Petrol,Manual,Third,4568,443.8,26.75,2,82507.56
857,Kia,2005,89246,Diesel,Manual,First,1750,184.0,20.9,2,10849.97
858,Hyundai,2011,81975,Diesel,Automatic,Third,1410,442.9,9.12,6,72463.58
859,Ford,2019,177927,Petrol,Automatic,Second,4405,55.7,15.75,2,93327.72
860,Nissan,2005,86557,Petrol,Automatic,First,4083,250.2,12.18,7,99900.89
861,Honda,2016,142488,Diesel,Manual,Second,2973,391.0,23.42,5,22952.06
862,Kia,2011,77516,Hybrid,Automatic,Second,4284,121.8,16.34,4,107998.03
863,Volkswagen,2019,191987,Diesel,Automatic,First,2322,500.9,29.73,2,79769.09
864,Ford,2023,154130,Diesel,Manual,Third,3401,171.6,6.37,4,106177.01
865,Mercedes,2005,176790,Petrol,Manual,First,3457,405.3,13.88,2,59777.84
866,Hyundai,2021,37602,Hybrid,Manual,Second,2959,266.9,17.05,5,66417.9
867,Volkswagen,2021,194139,Diesel,Manual,Second,3249,373.8,17.58,7,110527.48
868,Hyundai,2007,163588,Diesel,Manual,Third,4630,100.2,12.9,5,108289.42
869,BMW,2016,134295,Electric,Automatic,First,921,49.5,23.23,4,55434.82
870,Ford,2010,92969,Petrol,Automatic,Second,2117,549.4,26.87,2,35106.28
871,BMW,2015,137161,Electric,Automatic,Second,3318,191.0,28.47,4,49000.94
872,Toyota,2007,173418,Electric,Manual,Second,2030,499.0,25.13,7,48368.43
873,BMW,2012,146559,Diesel,Manual,Third,1933,599.6,26.26,5,36563.42
874,Toyota,2018,5155,Petrol,Manual,Second,2101,158.4,18.76,4,34423.81
875,Toyota,2018,128950,Hybrid,Automatic,Second,4834,188.5,25.65,4,103744.36
876,Volkswagen,2014,72494,Diesel,Automatic,First,2710,411.2,12.59,7,11173.84
877,Hyundai,2006,81229,Hybrid,Manual,First,2305,580.7,14.96,2,82280.51
878,Mercedes,2018,109648,Hybrid,Automatic,Second,3985,552.9,12.92,4,23219.95
879,BMW,2013,43547,Petrol,Manual,Second,2716,321.6,16.68,7,43307.19
880,Ford,2007,33795,Electric,Automatic,First,4348,485.3,12.14,2,10200.53
881,Toyota,2012,191368,Petrol,Automatic,Third,3557,116.0,29.04,2,34586.92
882,Hyundai,2020,26447,Hybrid,Automatic,Third,2756,587.4,12.82,5,92905.27
883,Honda,2006,172670,Diesel,Manual,Third,978,580.0,7.45,7,106546.79
884,Kia,2010,177886,Hybrid,Automatic,Third,1696,131.7,18.17,2,28918.68
885,Volkswagen,2016,92960,Diesel,Automatic,Third,2351,207.7,6.43,5,57235.1
886,Mercedes,2009,68278,Diesel,Manual,Third,1291,96.1,7.76,6,58027.91
887,Audi,2006,60077,Petrol,Automatic,Third,860,192.2,10.48,7,105208.31
888,Volkswagen,2020,117782,Hybrid,Manual,Third,1877,496.9,16.61,6,92247.49
889,Honda,2009,107932,Electric,Manual,First,3695,251.9,15.83,2,63030.03
890,Kia,2019,145600,Hybrid,Manual,Third,4960,89.5,24.99,7,81477.42
891,Honda,2016,186172,Hybrid,Manual,Third,4483,231.6,23.49,5,102140.54
892,BMW,2008,114869,Electric,Manual,Third,1385,589.6,15.66,2,4116.06
893,Toyota,2019,144251,Petrol,Automatic,Second,4760,392.6,13.34,7,50138.13
894,Mercedes,2015,53781,Hybrid,Manual,First,4570,273.1,12.91,7,109147.45
895,Nissan,2020,191339,Hybrid,Manual,First,1334,133.3,24.35,6,89616.62
896,Toyota,2010,160024,Diesel,Manual,First,4262,592.3,6.3,2,66512.44
897,Nissan,2018,58798,Hybrid,Manual,Third,4811,499.7,5.32,5,64968.41
898,Kia,2022,103696,Electric,Automatic,Third,4198,197.6,24.89,5,43689.1
899,Hyundai,2016,55939,Diesel,Manual,Second,2955,79.2,16.93,2,63900.9
900,Audi,2015,34516,Petrol,Automatic,First,1804,71.7,8.27,2,79679.83
901,Ford,2017,192598,Diesel,Manual,Third,3299,107.4,10.89,4,51948.48
902,Toyota,2015,146521,Electric,Automatic,First,1126,365.2,28.31,6,86555.92
903,Mercedes,2020,55290,Electric,Manual,Second,3506,560.1,26.49,2,103764.17
904,Honda,2019,131688,Diesel,Manual,Second,801,318.2,22.74,2,21098.13
905,Mercedes,2019,91661,Petrol,Automatic,Second,1833,512.0,17.06,4,55831.0
906,Kia,2008,77954,Diesel,Manual,First,3281,289.7,18.01,4,50738.35
907,Nissan,2015,27746,Petrol,Automatic,Third,924,436.8,29.38,7,83433.38
908,Honda,2023,72990,Diesel,Manual,Third,1904,449.8,29.14,5,32234.49
909,Ford,2019,63810,Electric,Automatic,Second,3499,137.4,10.38,6,77909.36
910,Ford,2008,123362,Hybrid,Manual,Third,2661,242.3,25.28,7,105666.24
911,Toyota,2017,151295,Hybrid,Manual,Second,3720,396.9,9.93,2,51921.4
912,Kia,2023,138669,Petrol,Automatic,First,928,79.6,10.34,4,109588.84
913,Hyundai,2006,7659,Petrol,Manual,Second,1237,242.5,21.9,5,119200.16
914,Kia,2018,91516,Petrol,Manual,First,3348,339.5,15.13,7,15412.77
915,Nissan,2008,79567,Electric,Manual,Second,3929,597.9,28.29,5,30267.22
916,Mercedes,2020,20037,Diesel,Manual,Third,2021,305.7,7.23,4,114194.43
917,Ford,2024,131498,Electric,Manual,Third,1701,497.0,17.79,7,115124.34
918,Mercedes,2018,182810,Hybrid,Manual,Second,3968,282.0,27.96,7,14431.75
919,Mercedes,2019,17109,Petrol,Automatic,Third,4718,486.0,27.6,5,4754.82
920,Mercedes,2007,27010,Diesel,Automatic,Third,1867,373.4,8.91,4,21848.7
921,Ford,2012,13787,Hybrid,Automatic,Third,826,536.5,14.17,2,119533.5
922,Volkswagen,2020,144544,Hybrid,Manual,First,1347,270.1,20.48,7,24059.96
923,BMW,2014,159455,Hybrid,Automatic,Third,3468,378.4,8.98,2,61798.07
924,Nissan,2008,66709,Electric,Manual,First,1366,392.8,29.2,4,102264.87
925,Volkswagen,2022,39518,Petrol,Manual,Second,1503,273.7,27.87,7,5386.99
926,Nissan,2006,58909,Hybrid,Manual,Third,3940,120.8,9.17,7,73725.21
927,Honda,2021,23351,Petrol,Manual,Third,2390,92.4,8.03,2,35411.98
928,Kia,2017,189402,Electric,Automatic,Third,1605,49.3,7.14,6,103893.19
929,Kia,2008,20282,Hybrid,Manual,Second,4591,529.2,27.74,2,36164.95
930,Audi,2015,157850,Electric,Automatic,First,2157,172.4,9.84,2,83350.42
931,Kia,2011,160336,Electric,Manual,First,4025,158.4,15.41,6,81883.7
932,Ford,2016,195747,Petrol,Automatic,Third,4418,452.2,16.22,4,28914.75
933,Hyundai,2014,10075,Hybrid,Automatic,Second,2926,219.2,19.98,4,7071.51
934,Toyota,2011,184526,Electric,Automatic,Second,3260,323.4,6.79,7,50882.2
935,Audi,2017,33365,Hybrid,Automatic,Second,1345,131.0,10.67,5,36835.6
936,Toyota,2011,184272,Petrol,Automatic,Second,3528,577.5,28.29,5,97650.4
937,Nissan,2021,16002,Electric,Automatic,Second,4534,516.9,27.71,7,96642.61
938,Toyota,2014,18947,Petrol,Manual,First,3362,523.7,24.53,5,56471.8
939,Toyota,2014,99840,Hybrid,Automatic,First,2879,267.8,5.49,2,73961.93
940,Audi,2008,121219,Hybrid,Manual,First,3441,466.9,13.18,2,73698.36
941,Honda,2024,83610,Petrol,Automatic,Third,3914,120.6,20.7,6,99777.5
942,Mercedes,2008,57142,Diesel,Manual,Second,2726,44.8,11.88,6,52725.28
943,Kia,2011,61307,Electric,Automatic,Third,1416,51.2,27.74,7,35227.26
944,Kia,2005,140565,Hybrid,Automatic,Second,4444,368.5,20.85,7,34009.09
945,Ford,2016,55085,Hybrid,Manual,First,2003,295.0,6.8,7,65734.5
946,Audi,2017,39228,Electric,Automatic,Third,2559,330.1,27.73,2,55550.34
947,Ford,2014,187947,Petrol,Automatic,First,3365,44.2,28.94,5,54494.13
948,Hyundai,2019,167727,Petrol,Automatic,Second,3974,276.7,6.94,7,13663.07
949,Hyundai,2017,48472,Petrol,Manual,Second,3881,442.1,18.31,7,87076.64
950,Ford,2013,54437,Diesel,Automatic,Second,3430,287.9,12.58,2,28007.19
951,Audi,2013,185488,Diesel,Manual,First,3961,450.0,14.82,2,26043.57
952,Ford,2019,64711,Hybrid,Automatic,Second,1469,170.5,9.49,2,51292.72
953,Kia,2014,142888,Petrol,Automatic,First,3968,495.4,19.45,5,29650.07
954,Volkswagen,2014,82175,Electric,Manual,Third,2921,369.5,28.95,7,71311.42
955,BMW,2012,69307,Hybrid,Automatic,Second,4878,158.0,17.58,4,46461.21
956,Toyota,2020,51733,Electric,Automatic,Second,4951,172.6,7.07,4,55522.67
957,BMW,2021,133202,Hybrid,Manual,Second,1519,391.7,20.5,7,65848.81
958,Audi,2009,100028,Diesel,Automatic,Third,3400,504.8,13.51,7,26813.66
959,BMW,2008,147312,Hybrid,Manual,Second,4398,272.8,26.4,7,21222.94
960,Hyundai,2022,97493,Diesel,Manual,First,1466,184.6,15.87,7,106009.36
961,Nissan,2023,130149,Hybrid,Manual,First,1083,525.5,9.82,5,53745.67
962,Toyota,2008,168834,Petrol,Automatic,Second,4703,414.8,9.78,4,51214.95
963,Mercedes,2011,13259,Electric,Manual,Second,4365,290.9,24.22,6,7166.62
964,Audi,2014,186211,Petrol,Manual,Third,3034,313.2,11.64,4,61263.23
965,Toyota,2022,133775,Hybrid,Automatic,Third,2265,154.4,24.18,4,67837.86
966,BMW,2023,19849,Hybrid,Manual,Third,929,391.0,10.15,2,68384.38
967,Hyundai,2008,86768,Hybrid,Automatic,Second,2860,240.9,13.04,7,85722.65
968,Honda,2014,111108,Diesel,Automatic,Third,4472,597.6,16.64,7,23765.37
969,Volkswagen,2005,94709,Electric,Automatic,Third,3294,308.9,28.58,7,32510.11
970,Mercedes,2022,59869,Electric,Automatic,First,1792,312.1,28.29,2,97855.46
971,Volkswagen,2009,131888,Hybrid,Manual,Third,2921,356.9,10.17,5,113818.96
972,Toyota,2019,68095,Hybrid,Manual,First,3384,553.4,13.96,5,18904.13
973,Hyundai,2021,122886,Diesel,Manual,First,4996,488.5,8.73,6,61225.0
974,Hyundai,2007,75910,Petrol,Manual,Third,3023,292.6,17.75,5,28058.62
975,BMW,2016,28567,Petrol,Manual,First,3988,442.5,16.51,5,10028.56
976,Kia,2006,40292,Electric,Automatic,Second,4037,368.3,27.52,7,41083.89
977,BMW,2005,79813,Diesel,Manual,Second,4936,315.7,28.25,4,19811.45
978,Kia,2021,102136,Hybrid,Manual,Third,1143,147.7,14.59,5,86062.17
979,Kia,2020,56631,Electric,Manual,Second,3076,299.8,17.29,5,65445.87
980,Mercedes,2009,14885,Diesel,Automatic,First,4001,177.7,27.41,2,19828.63
981,BMW,2019,195731,Petrol,Automatic,Second,1688,552.3,25.17,6,4081.27
982,Honda,2007,190378,Diesel,Manual,Third,2843,227.8,5.09,2,97554.37
983,Ford,2011,71314,Petrol,Automatic,Third,2141,573.3,13.0,7,23614.75
984,Ford,2015,70087,Diesel,Manual,First,4520,338.5,15.54,4,73927.35
985,BMW,2014,165237,Electric,Manual,Third,3683,393.7,10.74,6,42419.86
986,BMW,2013,195001,Petrol,Automatic,Second,3215,344.0,9.99,2,71501.85
987,Volkswagen,2018,100998,Electric,Automatic,Third,1917,112.5,5.94,5,39931.47
988,Mercedes,2017,54812,Electric,Manual,First,3801,250.5,21.08,5,13171.93
989,BMW,2006,186572,Petrol,Manual,Third,2538,95.5,11.56,6,29085.15
990,Volkswagen,2007,63643,Petrol,Automatic,Second,2164,388.9,6.31,5,25002.85
991,Kia,2011,49900,Hybrid,Manual,First,3508,290.2,10.77,2,53078.26
992,Hyundai,2022,179018,Hybrid,Automatic,Second,1724,475.7,25.05,2,80019.2
993,Hyundai,2007,143923,Hybrid,Manual,First,951,163.5,26.29,5,33865.31
994,Kia,2014,21288,Electric,Automatic,Third,1385,132.2,17.08,5,4412.18
995,Audi,2011,77692,Electric,Manual,First,1712,267.5,15.4,7,63715.67
996,Volkswagen,2013,143440,Hybrid,Manual,First,3121,558.9,29.45,4,73873.86
997,Volkswagen,2021,90436,Electric,Automatic,Third,1295,437.8,10.01,6,115655.85
998,Kia,2015,51403,Electric,Manual,Second,4595,274.6,10.38,2,71968.08
999,Honda,2011,96170,Petrol,Manual,Third,2948,329.7,12.3,6,58127.19
1000,Nissan,2018,14168,Petrol,Automatic,First,1356,87.2,9.32,7,70087.99
